Age,Experience,Income,Home,PersonalLoan
25,1,49,a,0
45,19,34,a,0
39,15,11,b,0
35,9,100,c,0
35,8,45,c,0
37,13,29,c,0
53,27,72,a,0
50,24,22,a,0
35,10,81,b,0
34,9,180,c,1
65,39,105,c,0
29,5,45,c,0
48,23,114,a,0
59,32,40,a,0
67,41,112,b,0
60,30,22,c,0
38,14,130,c,1
42,18,81,c,0
46,21,193,a,1
55,28,21,a,0
56,31,25,b,0
57,27,63,c,0
29,5,62,c,0
44,18,43,c,0
36,11,152,a,0
43,19,29,a,0
40,16,83,b,0
46,20,158,c,0
56,30,48,c,0
38,13,119,c,1
59,35,35,a,0
40,16,29,a,0
53,28,41,b,0
30,6,18,c,0
31,5,50,c,0
48,24,81,c,0
59,35,121,a,0
51,25,71,a,0
42,18,141,b,1
38,13,80,c,0
57,32,84,c,0
34,9,60,c,0
32,7,132,a,1
39,15,45,a,0
46,20,104,b,0
57,31,52,c,0
39,14,43,c,0
37,12,194,c,1
56,26,81,a,0
40,16,49,a,0
32,8,8,b,0
61,37,131,c,0
30,6,72,c,0
50,26,190,c,1
29,5,44,a,0
41,17,139,a,0
55,30,29,b,0
56,31,131,c,1
28,2,93,c,0
31,5,188,c,0
49,24,39,a,0
47,21,125,a,0
42,18,22,b,0
42,17,32,c,0
47,23,105,c,0
59,35,131,c,0
62,36,105,a,0
53,23,45,a,0
47,21,60,b,0
53,29,20,c,0
42,18,115,c,0
53,29,69,c,0
44,20,130,a,0
41,16,85,a,0
28,3,135,b,0
31,7,135,c,1
58,32,12,c,0
46,20,29,c,0
54,30,133,a,1
50,26,19,a,0
60,36,41,b,0
47,22,40,c,0
41,16,82,c,0
33,9,50,c,0
46,22,18,a,0
27,2,109,a,0
40,16,42,b,0
48,22,78,c,0
65,41,51,c,0
25,0,113,c,0
55,30,118,a,1
35,10,29,a,0
43,19,34,b,0
60,34,64,c,0
65,39,121,c,0
38,12,48,c,0
41,15,80,a,0
54,28,161,a,0
49,23,94,b,0
66,41,15,c,0
48,23,74,c,0
61,36,30,c,0
53,23,44,a,0
43,18,22,a,0
56,32,38,b,0
24,0,35,c,0
43,17,69,c,0
42,18,43,c,0
33,7,32,a,0
43,17,49,a,0
41,14,9,b,0
62,38,45,c,0
40,15,82,c,0
58,34,92,c,0
39,14,39,a,0
65,40,81,a,0
54,29,35,b,0
58,33,61,c,0
41,16,73,c,0
32,7,112,c,0
54,29,12,a,0
52,26,38,a,0
58,32,73,b,0
37,13,84,c,0
39,15,78,c,0
60,35,80,c,0
31,5,115,a,0
34,8,82,a,0
38,14,74,b,0
41,16,70,c,0
28,4,81,c,0
58,34,149,c,1
31,1,51,a,0
30,4,39,a,0
53,29,98,b,0
58,33,45,c,0
59,32,49,c,0
49,25,128,c,0
59,34,42,a,0
59,35,18,a,0
51,25,31,b,0
35,11,58,c,0
33,9,48,c,0
25,1,54,c,0
49,23,70,a,0
59,35,124,a,0
46,19,84,b,0
50,25,83,c,0
52,28,163,c,0
48,22,42,c,0
46,22,118,a,0
26,0,132,a,1
57,32,24,b,0
60,36,22,c,0
54,29,58,c,0
24,0,60,c,0
26,0,15,a,0
41,17,83,a,0
32,6,79,b,0
61,35,41,c,0
29,0,134,c,1
61,35,80,c,0
38,12,52,a,0
28,4,70,a,0
53,27,92,b,0
27,1,43,c,0
25,1,21,c,0
33,9,23,c,0
50,26,13,a,0
27,1,112,a,0
27,1,138,b,0
52,28,11,c,0
38,13,171,c,0
58,34,42,c,0
42,17,168,a,1
45,20,85,a,0
52,25,44,b,0
29,3,65,c,0
53,29,24,c,0
62,37,11,c,0
51,27,38,a,0
36,12,10,a,0
24,0,135,b,0
29,3,148,c,1
52,26,63,c,0
39,14,115,c,0
48,23,45,a,0
46,21,159,a,1
64,40,169,b,0
55,29,112,c,0
60,36,93,c,0
51,25,29,c,0
50,23,85,a,0
48,24,21,a,0
53,29,144,b,0
34,10,13,c,0
48,24,165,c,0
55,31,9,c,0
27,3,59,a,0
36,11,158,a,1
32,6,29,b,0
35,9,20,c,0
30,3,68,c,0
58,34,65,c,0
56,31,61,a,0
38,12,91,a,0
49,25,31,b,0
34,10,71,c,0
40,16,73,c,0
64,39,172,c,1
51,26,20,a,0
44,18,55,a,0
46,22,69,b,0
57,33,155,c,0
54,28,94,c,0
38,14,92,c,0
27,3,125,a,0
39,14,74,a,0
44,20,72,b,0
56,30,61,c,0
32,6,25,c,0
45,19,83,c,0
26,2,104,a,0
55,25,41,a,0
52,27,58,b,0
39,13,93,c,0
24,0,39,c,0
47,23,148,c,0
47,22,53,a,0
48,24,71,a,0
47,22,92,b,0
35,10,61,c,0
46,19,38,c,0
62,37,58,c,0
26,1,80,a,0
38,8,71,a,0
43,18,89,b,0
62,38,83,c,0
57,32,28,c,0
28,3,52,c,0
51,26,70,a,0
48,22,71,a,0
41,16,75,b,0
65,39,170,c,1
41,17,78,c,0
35,11,25,c,0
38,14,60,a,0
53,29,120,a,1
55,29,99,b,0
26,1,55,c,0
30,6,29,c,0
54,28,170,c,1
65,40,53,a,0
47,21,138,a,0
65,41,134,b,1
66,40,42,c,0
26,0,99,c,0
66,41,18,c,0
35,9,24,a,0
56,30,55,a,0
51,27,58,b,0
42,16,111,c,1
49,23,33,c,0
27,1,74,c,0
45,19,38,a,0
49,23,23,a,0
63,38,61,b,0
47,22,81,c,0
64,39,129,c,0
43,13,33,c,0
60,36,63,a,0
40,14,70,a,0
29,3,45,b,0
41,16,65,c,0
30,5,74,c,0
49,24,50,c,0
30,5,22,a,0
29,2,30,a,0
50,26,21,b,0
39,14,155,c,0
33,8,64,c,0
57,31,65,c,0
34,9,71,a,0
61,36,40,a,0
44,19,69,b,0
40,13,69,c,0
51,25,45,c,0
37,12,62,c,0
44,19,172,a,1
42,15,24,a,0
51,25,80,b,0
43,16,8,c,0
30,5,38,c,0
45,19,93,c,0
35,9,55,a,0
60,34,64,a,0
34,9,122,b,0
55,25,70,c,0
43,19,81,c,0
41,15,159,c,1
34,9,70,a,0
65,39,150,a,0
45,21,152,b,0
49,25,195,c,1
48,23,22,c,0
60,35,22,c,0
55,29,79,a,0
42,18,33,a,0
32,8,128,b,0
62,38,91,c,0
57,32,39,c,0
52,26,121,c,0
36,6,21,a,0
34,9,41,a,0
63,37,45,b,0
24,0,51,c,0
57,31,165,c,1
40,16,119,c,1
27,2,110,a,0
65,39,20,a,0
60,34,64,b,0
44,20,101,c,1
63,39,101,c,1
59,34,99,c,1
56,30,158,a,1
54,28,89,a,0
52,27,80,b,0
58,32,114,c,0
60,35,49,c,0
28,4,191,c,0
54,30,78,a,0
32,6,28,a,0
59,33,42,b,0
63,38,140,c,0
48,23,45,c,0
56,32,122,c,0
36,12,65,a,0
57,27,68,a,0
29,3,153,b,0
39,13,89,c,0
59,34,91,c,0
31,6,55,c,0
43,19,118,a,0
35,5,22,a,0
54,24,63,b,0
51,27,12,c,0
44,19,50,c,0
25,0,43,c,0
40,15,173,a,1
26,2,60,a,1
39,14,113,b,0
28,4,155,c,1
52,28,91,c,0
53,29,55,c,0
44,20,173,a,0
43,19,71,a,0
56,30,24,b,0
38,14,42,c,0
30,6,141,c,0
32,6,32,c,0
35,10,55,a,0
43,19,153,a,0
58,32,113,b,0
25,0,30,c,0
54,24,29,c,0
57,32,174,c,1
50,24,35,a,0
32,8,98,a,0
63,37,30,b,0
31,6,58,c,0
36,12,25,c,0
58,34,19,c,0
56,30,44,a,0
49,25,20,a,0
30,5,98,b,0
33,7,90,c,0
45,21,61,c,0
30,5,40,c,0
47,23,38,a,0
25,0,28,a,0
63,33,34,b,0
55,29,73,c,0
65,41,133,c,1
44,18,53,c,0
51,25,21,a,0
35,9,40,a,0
30,5,41,b,0
31,5,82,c,0
54,30,100,c,1
45,20,155,c,0
45,19,45,a,0
58,32,9,a,0
54,29,48,b,0
53,28,18,c,0
33,9,80,c,0
60,35,64,c,0
50,24,29,a,0
26,2,48,a,0
54,30,23,b,0
28,3,84,c,0
36,10,179,c,1
29,2,30,c,0
54,28,93,a,0
55,30,39,a,0
61,36,60,b,0
36,11,133,c,0
45,19,125,c,0
64,40,58,c,0
60,36,89,a,0
49,22,82,a,0
47,23,110,b,0
60,36,54,c,0
45,20,89,c,0
32,7,42,c,0
52,28,41,a,0
35,8,38,a,0
40,15,85,b,0
53,29,83,c,0
27,0,33,c,0
58,33,50,c,0
47,22,58,a,0
28,3,115,a,1
46,20,145,b,0
43,19,161,c,0
56,30,38,c,0
28,3,28,c,0
42,18,75,a,0
32,7,35,a,0
62,38,24,b,0
37,13,78,c,0
51,26,113,c,0
39,13,75,c,0
43,17,91,a,0
52,28,31,a,0
30,6,45,b,0
52,26,80,c,0
61,35,50,c,0
36,9,31,c,0
58,32,113,a,1
47,23,29,a,0
64,39,59,b,0
52,27,43,c,0
58,28,122,c,1
48,24,29,c,0
64,40,91,a,0
58,32,65,a,0
47,23,22,b,0
49,23,71,c,0
31,4,60,c,0
61,37,60,c,0
51,25,69,a,0
28,0,48,a,0
39,13,21,b,0
54,28,53,c,0
50,24,29,c,0
30,4,60,c,0
64,39,42,a,0
29,3,69,a,0
48,24,20,b,0
35,10,200,c,0
60,36,141,c,0
55,30,81,c,0
29,4,183,a,1
48,22,149,a,1
43,19,83,b,1
66,42,35,c,0
25,0,13,c,0
45,20,39,c,0
34,10,21,a,0
48,23,10,a,0
32,6,84,b,0
50,24,30,c,0
43,19,31,c,0
64,39,182,c,1
60,34,114,a,0
43,19,152,a,1
60,34,53,b,0
64,39,24,c,0
44,20,150,c,0
60,36,132,c,0
54,29,68,a,0
33,9,53,a,0
56,32,173,b,1
29,5,30,c,0
25,1,113,c,0
60,34,15,c,0
55,30,84,a,0
39,13,88,a,0
37,13,43,b,0
53,28,43,c,0
34,10,90,c,0
42,18,34,c,0
60,36,38,a,0
50,24,173,a,0
41,17,160,b,0
25,0,44,c,0
50,24,83,c,0
48,22,94,c,0
32,8,43,a,0
50,25,42,a,0
59,33,34,b,0
50,26,39,c,0
44,19,70,c,0
31,5,39,c,0
40,10,44,a,0
36,12,69,a,1
51,25,44,b,0
64,40,32,c,0
47,22,15,c,0
52,28,118,c,0
51,26,62,a,0
31,5,82,a,0
39,14,54,b,0
30,6,48,c,0
27,1,74,c,0
41,16,113,c,0
53,27,81,a,0
54,27,43,a,0
28,4,34,b,0
34,9,48,c,0
61,37,54,c,0
48,24,75,c,0
36,11,72,a,0
56,31,39,a,0
24,0,75,b,0
64,38,79,c,0
26,2,205,c,0
33,8,65,c,0
64,39,122,a,1
39,15,82,a,0
54,30,21,b,0
32,6,50,c,0
62,37,39,c,0
27,2,101,c,0
53,28,41,a,0
51,25,132,a,0
25,0,43,b,0
44,20,131,c,1
31,5,11,c,0
57,32,21,c,0
25,0,109,a,0
30,6,141,a,0
40,14,81,b,0
63,38,54,c,0
35,10,164,c,0
43,19,28,c,0
27,2,68,a,0
44,14,44,a,0
49,23,61,b,0
61,36,35,c,0
60,34,54,c,0
59,34,14,c,0
28,3,52,a,0
52,28,101,a,0
28,2,149,b,0
34,8,35,c,0
60,34,21,c,0
39,15,118,c,0
30,5,38,a,0
49,25,24,a,0
43,18,59,b,0
63,33,41,c,0
28,3,85,c,0
51,27,12,c,0
33,7,32,a,0
55,29,79,a,0
53,28,175,b,1
34,8,28,c,0
34,9,41,c,0
40,14,70,c,0
49,25,161,a,1
35,9,53,a,0
39,15,128,b,0
55,28,50,c,0
29,5,80,c,0
54,30,93,c,0
25,0,48,a,0
52,28,149,a,0
46,19,49,b,0
57,33,88,c,0
52,22,22,c,0
28,3,55,c,0
44,18,72,a,0
24,0,38,a,0
40,16,114,b,0
34,4,83,c,0
39,14,101,c,0
50,24,94,c,0
41,17,40,a,0
31,7,128,a,0
29,3,39,b,0
30,5,51,c,0
44,20,79,c,0
33,7,48,c,0
50,26,85,a,0
42,18,41,a,0
48,22,152,b,1
24,0,125,c,0
56,31,11,c,0
28,4,103,c,0
56,30,141,a,0
58,32,38,a,0
29,5,135,b,0
63,38,28,c,0
28,3,70,c,0
57,31,41,c,0
34,8,81,a,0
28,3,170,a,1
27,2,55,b,0
37,11,24,c,0
52,28,81,c,0
49,23,32,c,0
65,40,129,a,0
60,35,108,a,0
37,12,180,b,0
63,37,139,c,0
40,14,33,c,0
46,20,74,c,0
63,37,42,a,0
57,27,73,a,0
33,8,115,b,1
41,17,114,c,0
41,17,92,c,0
44,19,34,c,0
33,6,54,a,0
52,28,64,a,0
30,6,42,b,0
45,19,70,c,0
49,24,51,c,0
45,19,71,c,0
32,7,35,a,0
45,18,40,a,0
57,32,165,b,1
61,31,18,c,0
57,31,32,c,0
60,35,35,c,0
40,16,120,a,0
53,28,31,a,0
42,16,35,b,0
62,36,32,c,0
43,18,85,c,0
35,10,139,c,0
50,24,103,a,0
45,21,152,a,0
52,27,33,b,0
35,9,84,c,0
58,33,61,c,0
62,38,64,c,0
50,25,34,a,0
25,0,82,a,0
47,22,122,b,1
28,4,58,c,0
34,9,92,c,0
49,23,78,c,0
54,29,129,a,1
50,25,13,a,0
37,11,81,b,0
38,8,23,c,0
52,26,35,c,0
63,39,79,c,0
39,14,165,a,0
63,38,52,a,0
65,41,185,b,1
46,20,49,c,0
54,30,64,c,0
54,24,61,c,0
52,26,112,a,0
63,39,72,a,0
66,41,18,b,0
56,29,41,c,0
23,0,61,c,0
65,41,105,c,1
51,27,23,a,0
34,10,22,a,0
49,23,59,b,0
29,2,33,c,0
47,23,11,c,0
46,21,204,c,0
52,27,61,a,0
55,31,103,a,0
61,36,51,b,0
34,9,164,c,1
58,34,12,c,0
40,16,82,c,0
43,17,164,a,0
35,8,48,a,0
24,0,38,b,0
48,22,65,c,0
44,20,71,c,0
54,30,18,c,0
59,34,52,a,0
45,18,48,a,0
26,2,30,b,0
40,15,40,c,0
32,7,112,c,0
29,4,115,c,0
51,27,63,a,0
42,17,85,a,0
64,38,59,b,0
44,20,68,c,0
37,11,84,c,0
44,19,62,c,0
35,9,109,a,1
41,17,141,a,0
56,32,129,b,0
62,36,30,c,0
58,34,148,c,0
47,20,25,c,0
35,10,21,a,0
29,4,72,a,0
43,17,59,b,0
62,37,83,c,0
41,16,10,c,0
34,9,84,c,0
50,23,98,a,0
47,23,32,a,0
29,5,31,b,0
59,34,94,c,0
56,31,21,c,0
61,35,110,c,0
58,32,38,a,0
49,24,39,a,0
45,21,132,b,1
50,24,61,c,0
64,38,92,c,0
39,15,119,c,0
58,33,53,a,0
62,37,18,a,0
45,20,114,b,1
58,28,90,c,0
43,18,140,c,0
28,3,90,c,0
26,1,85,a,0
49,24,80,a,0
66,42,53,b,0
33,7,49,c,0
61,35,152,c,1
64,37,138,c,1
36,10,80,a,0
49,23,82,a,0
52,27,195,b,0
61,37,22,c,0
32,6,81,c,0
61,37,40,c,0
45,20,154,a,0
30,4,49,a,0
62,37,85,b,0
57,32,21,c,0
41,17,14,c,0
58,34,60,c,0
29,5,138,a,0
53,28,98,a,0
64,39,22,b,0
49,23,49,c,0
38,14,102,c,0
56,30,45,c,0
56,31,82,a,0
52,28,81,a,0
64,39,35,b,0
53,28,59,c,0
29,3,52,c,0
48,24,84,c,0
32,6,85,a,0
54,28,65,a,0
37,13,89,b,0
47,21,109,c,1
37,12,81,c,0
64,39,38,c,0
43,19,72,a,0
33,6,78,a,0
26,2,172,b,1
42,18,71,c,0
54,28,165,c,1
41,16,120,c,0
55,29,39,a,0
65,39,23,a,0
50,26,135,b,1
55,31,12,c,0
62,36,92,c,0
53,28,192,c,1
32,7,42,a,0
56,32,158,a,1
54,30,194,b,1
44,20,160,c,0
48,22,98,c,0
46,22,164,c,0
45,21,42,a,0
45,15,202,a,1
58,34,10,b,0
29,3,31,c,0
55,30,58,c,0
55,29,65,c,0
41,16,98,a,0
24,0,150,a,0
54,29,44,b,0
57,32,15,c,0
30,6,82,c,0
42,17,61,c,0
29,2,38,a,0
29,3,39,a,0
31,7,173,b,0
47,23,8,c,0
36,12,51,c,0
52,27,62,c,0
54,28,34,a,0
55,29,132,a,1
53,27,44,b,0
52,27,162,c,0
64,39,64,c,0
54,29,111,c,0
32,6,41,a,0
63,33,52,a,0
36,10,65,b,0
50,25,130,c,1
33,8,45,c,0
62,38,35,c,0
49,23,65,a,0
41,15,38,a,0
51,27,42,b,0
56,30,45,c,0
51,25,145,c,0
39,13,33,c,0
61,35,60,a,0
35,9,45,a,0
39,15,72,b,0
37,11,34,c,0
48,21,23,c,0
63,37,45,c,0
35,9,28,a,0
55,30,81,a,0
29,5,72,b,0
61,31,49,c,0
36,10,31,c,0
61,35,63,c,0
36,12,150,a,1
58,33,142,a,0
42,17,74,b,0
30,4,24,c,0
45,20,29,c,0
39,15,79,c,0
27,3,94,a,0
57,33,121,a,0
34,10,54,b,0
64,39,73,c,0
47,23,71,c,0
44,17,29,c,0
51,27,93,a,0
40,14,73,a,0
57,32,19,b,0
33,8,58,c,0
46,20,39,c,0
41,16,23,c,0
33,7,29,a,0
27,2,155,a,0
52,28,90,b,0
59,33,113,c,0
62,38,42,c,0
49,25,30,c,0
45,19,19,a,0
63,37,124,a,1
57,31,30,b,0
60,30,28,c,0
50,23,15,c,0
54,30,70,c,0
28,2,10,a,0
60,34,22,a,0
44,20,70,b,0
61,35,61,c,0
40,15,161,c,0
54,30,29,c,0
43,19,35,a,0
54,28,48,a,0
32,7,44,b,0
24,0,88,c,0
30,4,40,c,0
61,36,21,c,0
40,14,58,a,0
35,11,59,a,0
33,3,74,b,0
63,37,84,c,0
57,31,58,c,0
44,19,154,c,0
51,25,185,a,0
51,26,78,a,0
38,13,55,b,0
31,5,30,c,0
54,29,74,c,0
41,16,118,c,0
57,33,182,a,1
24,0,82,a,0
55,29,29,b,0
32,6,120,c,1
38,12,53,c,0
58,32,43,c,0
29,4,59,a,0
43,17,84,a,0
50,24,161,b,1
62,37,21,c,0
57,32,63,c,0
30,3,172,c,1
30,4,51,a,0
57,33,24,a,0
57,33,95,b,0
43,18,59,c,0
28,2,51,c,0
46,22,28,c,0
29,3,154,a,0
64,40,15,a,0
66,36,55,b,0
23,0,149,c,0
60,36,79,c,0
47,21,68,c,0
35,10,78,a,0
57,32,34,a,0
65,41,195,b,1
53,28,184,c,0
44,20,85,c,0
45,20,200,c,0
41,16,64,a,0
51,27,88,a,0
27,1,42,b,0
31,5,91,c,0
32,6,38,c,0
55,30,28,c,0
55,30,32,a,0
42,18,31,a,0
33,9,22,b,0
65,40,95,c,1
35,10,74,c,0
55,30,22,c,0
28,4,43,a,0
27,3,43,a,0
51,27,112,b,0
50,23,9,c,0
58,33,81,c,0
46,20,131,c,0
62,32,19,a,0
38,13,62,a,0
62,37,19,b,0
56,32,8,c,0
61,36,193,c,1
38,13,129,c,1
55,29,30,a,0
30,4,80,a,0
41,15,22,b,0
57,32,33,c,0
36,11,64,c,0
55,29,60,c,0
30,4,81,a,0
40,16,45,a,0
32,6,112,b,0
59,34,83,c,1
44,20,180,c,0
51,26,28,c,0
37,12,169,a,1
59,35,14,a,0
37,11,43,b,0
56,32,88,c,0
55,29,78,c,0
49,24,68,c,0
46,22,144,a,0
35,9,30,a,0
47,21,120,b,0
39,14,24,c,0
27,1,78,c,0
62,36,135,c,1
57,32,44,a,0
55,30,73,a,0
55,31,90,b,0
41,15,58,c,0
57,32,75,c,0
43,19,174,c,1
40,16,50,a,0
43,18,85,a,0
63,38,54,b,0
63,38,83,c,1
54,30,24,c,0
54,30,45,c,0
52,26,68,a,0
50,26,48,a,0
38,13,114,b,0
36,12,142,c,1
58,33,52,c,0
46,22,142,c,0
50,25,15,a,0
46,22,118,a,0
53,27,101,b,0
62,36,84,c,0
63,39,32,c,0
42,16,64,c,0
34,10,81,a,0
40,14,28,a,0
34,9,93,b,0
41,15,185,c,1
32,8,42,c,0
28,3,45,c,0
33,6,49,a,0
46,20,69,a,0
52,27,94,b,0
60,35,18,c,0
59,35,8,c,0
57,32,55,c,0
46,20,85,a,0
25,1,62,a,0
53,23,65,b,0
38,12,138,c,0
63,38,103,c,0
44,19,99,c,1
50,24,152,a,0
28,3,25,a,0
27,3,98,b,0
52,27,39,c,0
50,25,40,c,0
39,13,58,c,0
50,26,192,a,1
60,34,62,a,0
30,5,69,b,0
31,5,40,c,0
39,15,61,c,0
29,3,30,c,0
54,29,29,a,0
35,8,41,a,0
27,3,118,b,1
45,20,109,c,0
58,33,122,c,1
62,37,50,c,0
28,4,43,a,0
32,7,108,a,0
29,4,110,b,1
41,17,20,c,0
61,35,112,c,0
56,32,25,c,0
37,12,42,a,0
60,34,29,a,0
49,23,84,b,0
43,17,81,c,0
53,28,55,c,0
35,11,40,c,0
56,30,145,a,1
41,16,175,a,1
36,6,78,b,0
56,32,51,c,0
64,34,50,c,0
51,27,21,c,0
49,24,79,a,0
43,18,84,a,0
51,26,34,b,0
55,31,73,c,0
62,37,90,c,0
35,10,23,c,0
53,27,145,a,1
33,7,54,a,0
43,17,49,b,0
58,32,51,c,0
63,38,8,c,0
31,6,62,c,0
36,6,25,a,0
30,0,63,a,0
59,34,24,b,0
28,2,11,c,0
59,34,23,c,0
47,22,33,c,0
47,21,83,a,1
56,30,39,a,0
41,17,138,b,1
25,1,113,c,0
30,5,125,c,1
50,24,195,c,0
34,9,105,a,0
44,18,75,a,1
36,9,40,b,0
39,14,61,c,0
54,24,75,c,0
33,8,122,c,0
39,14,75,a,0
41,15,59,a,0
40,13,24,b,0
29,3,175,c,1
51,27,39,c,0
54,30,145,c,0
47,22,24,a,0
53,28,20,a,0
30,5,85,b,0
28,3,65,c,0
60,35,191,c,1
51,26,11,c,0
63,37,40,a,0
38,13,54,a,0
59,35,95,b,0
53,29,94,c,0
31,5,79,c,0
41,17,48,c,0
25,1,70,a,0
27,3,40,a,0
50,24,44,b,0
50,25,43,c,0
43,18,29,c,0
50,24,188,c,1
46,20,114,a,0
30,6,52,a,0
42,16,13,b,0
42,17,95,c,0
29,3,84,c,0
38,14,49,c,0
51,25,181,a,0
35,10,182,a,1
37,13,70,b,0
47,21,79,c,0
55,29,61,c,0
65,41,121,c,0
58,33,34,a,0
54,28,183,a,0
52,28,51,b,0
28,2,70,c,0
32,8,39,c,0
51,24,84,c,0
43,18,122,a,0
42,18,145,a,0
42,17,98,b,0
41,16,79,c,0
34,8,38,c,0
30,6,49,c,0
32,7,38,a,0
46,20,91,a,0
38,12,29,b,0
37,13,172,c,0
32,8,104,c,1
35,9,58,c,0
30,5,171,a,1
30,4,73,a,1
58,32,191,b,0
57,27,90,c,0
34,9,55,c,0
31,4,28,c,0
39,14,42,a,0
57,33,9,a,0
47,21,65,b,0
51,26,134,c,1
30,6,83,c,0
55,28,38,c,0
32,6,13,a,0
32,7,143,a,1
44,20,75,b,0
33,7,120,c,1
49,24,91,c,0
32,6,99,c,0
31,7,71,a,0
37,13,111,a,0
41,15,108,b,0
56,32,158,c,0
55,31,81,c,0
49,23,12,c,0
63,37,21,a,0
55,30,55,a,0
59,35,42,b,0
41,16,81,c,0
49,25,13,c,0
48,23,132,c,0
41,16,99,a,0
50,26,23,a,0
28,1,40,b,0
36,11,181,c,1
38,14,112,c,0
34,9,138,c,0
41,17,94,a,1
43,19,113,a,0
30,5,112,b,1
37,12,190,c,0
62,37,38,c,0
40,16,32,c,0
35,10,104,a,0
64,40,43,a,0
49,24,45,b,0
24,0,35,c,0
36,10,42,c,0
29,4,58,c,0
29,3,103,a,1
28,3,71,a,1
33,7,14,b,0
36,11,98,c,0
42,17,90,c,0
25,0,65,c,0
28,2,19,a,0
50,25,35,a,0
34,9,71,b,0
43,19,31,c,0
62,38,43,c,0
61,36,24,c,0
45,19,58,a,0
42,17,115,a,0
39,15,168,b,0
29,5,128,c,0
45,20,138,c,0
58,32,81,c,0
29,3,41,a,0
32,7,123,a,1
37,13,71,b,0
48,23,8,c,0
40,14,42,c,0
29,4,62,c,0
36,12,22,a,0
35,8,38,a,0
35,11,24,b,0
62,37,50,c,0
26,1,190,c,1
32,7,94,c,0
63,37,165,a,1
38,12,43,a,0
50,26,48,b,0
46,21,52,c,0
50,24,84,c,0
61,36,131,c,0
34,8,44,a,0
27,2,78,a,0
61,36,15,b,0
45,20,38,c,0
50,25,84,c,0
44,20,122,c,0
62,36,98,a,0
45,18,80,a,0
41,17,165,b,0
30,5,121,c,0
61,37,20,c,0
45,19,11,c,0
59,35,45,a,0
30,6,118,a,1
60,36,14,b,0
39,13,30,c,0
56,30,45,c,0
56,32,80,c,0
27,1,25,a,0
66,41,144,a,0
43,19,84,b,0
53,29,22,c,0
44,18,33,c,0
54,28,60,c,0
31,6,81,a,0
38,13,169,a,1
28,2,63,b,0
51,26,12,c,0
52,27,15,c,0
64,38,39,c,0
29,4,44,a,0
34,10,110,a,0
33,8,130,b,1
46,21,41,c,0
48,22,59,c,0
52,28,39,c,0
44,19,35,a,0
51,27,80,a,0
47,20,81,b,0
39,13,31,c,0
42,17,93,c,0
57,33,45,c,0
36,12,40,a,0
27,1,80,a,0
31,7,20,b,0
63,37,41,c,0
34,8,31,c,0
52,27,35,c,0
57,31,40,a,0
63,39,84,a,0
26,1,53,b,0
35,5,85,c,0
58,33,138,c,0
32,2,71,c,0
64,39,113,a,0
50,23,23,a,0
34,9,62,b,0
36,11,14,c,0
43,18,60,c,0
28,4,94,c,0
64,39,83,a,0
60,35,130,a,1
62,37,61,b,0
27,2,92,c,0
42,16,20,c,0
45,20,194,c,0
36,10,74,a,0
48,22,84,a,0
65,40,98,b,0
39,15,52,c,0
51,26,55,c,0
30,6,64,c,0
65,40,128,a,0
38,13,113,a,1
29,3,50,b,0
42,18,54,c,0
63,38,129,c,0
46,21,82,c,0
62,38,100,a,0
58,34,44,a,0
56,30,164,b,1
56,31,81,c,0
34,10,71,c,0
42,17,28,c,0
30,6,80,a,0
61,35,90,a,0
38,14,74,b,0
50,25,14,c,0
61,36,23,c,0
41,17,153,c,0
42,16,38,a,0
29,5,112,a,0
51,26,145,b,0
32,6,28,c,0
34,9,31,c,0
26,2,195,c,0
54,24,50,a,0
38,14,71,a,0
62,36,21,b,0
37,11,35,c,0
46,21,42,c,0
52,27,78,c,0
32,6,73,a,0
49,25,53,a,0
28,3,51,b,0
55,30,40,c,0
52,26,178,c,0
32,6,35,c,0
31,7,192,a,1
27,3,123,a,0
32,5,48,b,0
52,26,45,c,0
52,28,15,c,0
50,24,79,c,0
32,5,63,a,0
61,35,30,a,0
60,36,145,b,1
28,4,32,c,0
34,9,64,c,0
31,7,84,c,0
31,5,21,a,0
62,38,99,a,0
47,22,35,b,0
50,24,180,c,0
36,12,42,c,0
26,0,179,c,1
51,27,42,a,0
52,25,180,a,1
35,11,82,b,0
42,16,55,c,0
36,12,79,c,0
41,17,48,c,0
49,25,93,a,0
57,32,23,a,0
44,20,50,b,0
60,34,85,c,0
38,14,35,c,0
26,2,171,c,1
29,2,29,a,0
59,35,84,a,0
51,27,20,b,0
50,25,14,c,0
35,10,179,c,0
61,37,48,c,0
42,16,74,a,0
55,29,53,a,0
50,25,83,b,0
64,40,171,c,0
54,28,85,c,0
50,26,38,c,0
31,5,85,a,0
32,8,79,a,0
44,19,69,b,0
60,35,43,c,0
60,34,33,c,0
62,38,42,c,0
46,21,40,a,0
57,33,43,a,0
30,5,20,b,0
58,32,65,c,0
39,13,139,c,1
60,35,135,c,1
59,34,84,a,0
50,26,179,a,1
63,39,45,b,0
27,3,109,c,0
54,29,34,c,0
62,37,162,c,0
60,34,105,a,0
38,12,22,a,0
34,8,82,b,0
65,41,105,c,0
55,31,62,c,0
57,31,82,c,0
27,3,72,a,0
35,10,38,a,0
52,28,25,b,0
45,15,20,c,0
29,3,80,c,0
44,18,84,c,0
47,23,33,a,0
62,37,55,a,0
52,27,33,b,0
47,23,190,c,1
42,18,43,c,0
65,41,45,c,0
42,18,141,a,0
40,16,69,a,0
32,8,78,b,0
40,15,84,c,0
55,29,172,c,1
32,6,51,c,0
58,28,75,a,0
46,22,183,a,1
53,23,20,b,0
63,39,101,c,1
40,14,129,c,1
41,17,63,c,0
60,35,44,a,0
65,39,184,a,1
59,33,100,b,0
48,24,12,c,0
59,33,68,c,0
33,8,48,c,0
40,15,82,a,0
42,18,52,a,0
65,41,154,b,1
30,4,39,c,0
30,4,40,c,0
42,17,54,c,0
32,8,32,a,0
55,30,64,a,0
29,3,92,b,0
64,38,40,c,0
37,11,60,c,0
31,5,85,c,0
25,0,21,a,0
31,5,35,a,0
32,7,52,b,0
58,34,128,c,0
26,2,195,c,0
51,25,68,c,0
65,41,55,a,0
43,17,55,a,0
46,21,80,b,0
28,3,123,c,0
63,37,90,c,0
59,29,61,c,0
42,15,41,a,0
58,33,43,a,0
39,13,71,b,0
36,12,25,c,0
60,33,154,c,1
47,21,141,c,0
29,4,22,a,0
52,28,145,a,0
41,16,49,b,0
63,37,109,c,0
59,34,80,c,0
44,20,82,c,0
54,28,52,a,0
29,5,85,a,0
51,25,148,b,0
63,39,160,c,0
36,11,39,c,0
42,16,25,c,0
51,25,33,a,0
47,20,38,a,0
40,16,85,b,0
54,28,48,c,0
47,21,15,c,0
35,10,94,c,0
28,4,120,a,0
45,19,60,a,0
33,9,145,b,0
62,36,29,c,0
45,18,78,c,0
59,35,59,c,0
58,28,80,a,0
52,26,180,a,0
34,8,8,b,0
65,35,23,c,0
48,23,79,c,0
44,19,78,c,0
61,37,64,a,0
40,14,64,a,0
65,39,160,b,1
28,4,43,c,0
67,42,32,c,0
35,9,179,c,0
60,35,8,a,0
58,32,63,a,0
55,30,40,b,0
34,9,99,c,0
35,9,141,c,1
28,4,159,c,0
38,12,39,a,0
62,38,99,a,0
30,4,18,b,0
38,12,38,c,0
33,8,133,c,0
58,34,84,c,0
59,35,60,a,0
52,28,178,a,1
36,12,18,b,0
45,21,73,c,0
49,23,125,c,0
52,26,91,c,1
54,28,74,a,0
30,4,35,a,0
65,39,113,b,0
34,8,52,c,0
30,6,191,c,1
51,25,18,c,0
52,27,25,a,0
43,18,50,a,0
35,10,75,b,0
56,26,92,c,0
57,32,33,c,0
58,32,65,c,0
53,28,44,a,0
45,21,183,a,0
44,20,175,b,0
54,28,28,c,0
41,17,49,c,0
52,26,45,c,0
43,17,64,a,1
63,38,22,a,0
54,30,120,b,0
33,8,175,c,0
25,0,101,c,0
41,16,104,c,0
40,16,155,a,1
43,18,58,a,0
36,10,80,b,0
57,33,45,c,0
34,9,134,c,0
38,14,58,c,0
47,21,20,a,0
39,13,25,a,0
45,20,55,b,0
62,37,155,c,0
59,34,30,c,0
61,37,39,c,0
36,12,73,a,0
58,34,41,a,0
55,30,34,b,0
29,5,21,c,0
34,8,11,c,0
61,35,154,c,0
50,20,19,a,0
52,26,101,a,0
39,15,24,b,0
55,29,131,c,0
33,9,105,c,0
47,21,52,c,0
57,32,21,a,0
57,31,45,a,0
40,14,39,b,0
50,25,192,c,0
29,5,195,c,0
46,22,83,c,0
42,15,34,a,0
59,33,49,a,0
31,1,60,b,0
51,25,41,c,0
35,10,72,c,0
59,35,102,c,1
35,10,31,a,0
46,20,73,a,0
34,9,89,b,0
55,29,19,c,0
64,40,63,c,0
34,9,104,c,0
61,35,40,a,0
63,39,92,a,0
59,33,72,b,0
51,27,44,c,0
41,16,114,c,1
37,13,73,c,0
64,40,63,a,0
44,20,69,a,0
62,37,42,b,0
50,26,88,c,0
43,18,98,c,0
34,8,65,c,1
38,13,12,a,0
29,5,122,a,1
39,14,12,b,0
53,29,24,c,0
43,19,170,c,1
61,36,184,c,1
46,20,25,a,0
57,31,131,a,0
59,33,50,b,0
52,28,21,c,0
29,3,55,c,0
57,32,124,c,1
49,23,58,a,0
39,13,72,a,0
56,31,192,b,1
63,38,83,c,0
37,12,93,c,0
56,26,38,c,0
45,20,55,a,0
66,41,11,a,0
40,15,85,b,0
50,24,124,c,0
60,36,129,c,0
31,7,180,c,0
40,14,74,a,0
36,6,138,a,1
55,29,111,b,1
54,28,83,c,0
35,10,33,c,0
55,29,21,c,0
36,10,35,a,0
66,41,105,a,0
38,14,103,b,0
58,32,75,c,0
41,17,33,c,0
60,34,52,c,0
47,23,89,a,0
62,36,63,a,0
48,23,84,b,1
61,36,44,c,0
29,3,29,c,0
45,21,29,c,0
39,14,22,a,0
31,6,53,a,0
39,14,24,b,0
63,38,153,c,0
28,2,31,c,0
56,30,21,c,0
31,6,180,a,0
46,20,82,a,0
42,18,90,b,0
53,29,154,c,1
41,17,99,c,0
61,36,153,c,1
31,5,93,a,1
62,38,53,a,0
59,34,18,b,0
49,24,70,c,0
65,39,100,c,0
30,6,193,c,1
32,7,125,a,0
56,31,68,a,0
36,10,55,b,0
58,34,152,c,1
27,3,84,c,0
41,16,13,c,0
59,35,33,a,0
56,32,89,a,0
52,26,93,b,0
35,5,68,c,0
47,21,85,c,0
29,4,73,c,0
31,6,83,a,0
62,36,158,a,1
48,18,182,b,1
26,1,24,c,0
60,34,102,c,0
35,11,53,c,0
40,15,175,a,0
31,5,28,a,0
50,25,14,b,0
33,7,139,c,1
37,11,34,c,0
38,14,64,c,0
63,38,84,a,0
57,32,42,a,0
61,35,63,b,0
37,12,100,c,0
51,25,190,c,1
44,20,22,c,0
63,37,20,a,0
43,18,21,a,0
38,14,25,b,0
34,9,20,c,0
48,23,173,c,1
29,5,81,c,0
37,11,139,a,1
60,35,119,a,0
46,20,74,b,0
34,10,42,c,0
56,30,73,c,0
57,31,114,c,1
62,36,44,a,0
32,8,141,a,0
51,26,14,b,0
55,29,33,c,0
60,34,83,c,0
40,16,89,c,0
62,38,39,a,0
63,39,83,a,0
60,34,108,b,0
59,34,21,c,0
26,1,102,c,0
56,32,48,c,0
58,32,32,a,0
57,31,43,a,0
48,23,35,b,0
30,6,184,c,0
45,21,140,c,0
64,38,32,c,0
44,20,149,a,0
51,25,15,a,0
43,16,71,b,0
29,3,108,c,0
56,30,122,c,0
65,41,40,c,0
46,22,198,a,0
48,24,79,a,0
56,31,84,b,0
61,37,31,c,0
46,20,12,c,0
58,34,88,c,0
31,5,29,a,0
27,3,201,a,0
44,20,20,b,0
44,20,15,c,0
51,27,155,c,0
39,13,25,c,0
32,8,200,a,0
33,7,101,a,0
40,16,19,b,0
36,12,188,c,0
52,28,8,c,0
54,29,59,c,0
26,2,72,a,0
39,15,55,a,0
46,19,24,b,0
57,32,19,c,0
59,33,71,c,0
52,26,54,c,0
52,26,28,a,0
50,20,25,a,0
41,17,51,b,0
43,19,125,c,1
25,0,88,c,0
40,16,125,c,0
35,10,79,a,0
60,36,31,a,0
57,31,131,b,0
44,19,70,c,0
61,36,38,c,0
33,7,83,c,0
45,20,59,a,0
45,21,121,a,0
64,38,42,b,0
50,24,32,c,0
28,3,29,c,0
37,12,40,c,0
62,36,25,a,0
29,5,21,a,0
49,23,79,b,0
46,22,52,c,0
60,34,61,c,0
55,31,25,c,0
33,8,155,a,1
53,29,25,a,0
50,24,80,b,0
28,3,55,c,0
42,17,23,c,0
33,9,60,c,0
40,14,54,a,0
31,6,44,a,0
41,16,33,b,0
52,27,45,c,0
65,35,55,c,0
48,24,134,c,0
45,21,44,a,0
26,0,149,a,0
64,38,22,b,0
41,14,74,c,0
43,18,128,c,1
60,36,62,c,0
62,37,9,a,0
46,21,9,a,0
36,11,15,b,0
31,5,28,c,0
43,18,83,c,0
46,22,73,c,0
50,26,42,a,0
52,27,34,a,0
27,3,32,b,0
34,9,68,c,0
49,24,82,c,0
52,26,19,c,0
37,11,60,a,0
53,27,192,a,0
54,29,119,b,1
29,3,190,c,0
35,11,34,c,0
32,6,44,c,0
38,13,23,a,0
44,20,171,a,1
44,20,43,b,0
48,22,139,c,0
46,20,118,c,0
35,9,113,c,1
56,32,98,a,1
49,24,70,a,0
57,32,42,b,0
35,10,143,c,0
44,20,185,c,1
38,14,28,c,0
57,33,45,a,0
35,10,78,a,0
29,3,121,b,0
58,32,59,c,0
40,16,64,c,0
51,26,15,c,0
61,36,10,a,0
46,20,61,a,0
55,31,50,b,0
35,10,79,c,0
60,34,35,c,0
28,3,11,c,0
43,19,128,a,0
61,36,55,a,0
48,22,79,b,0
65,39,18,c,0
45,19,91,c,0
36,11,9,c,0
45,20,62,a,0
60,34,59,a,0
47,22,25,b,0
32,7,54,c,0
48,23,112,c,1
33,8,125,c,0
49,23,194,a,1
56,32,161,a,1
59,33,35,b,0
56,30,113,c,0
30,4,25,c,0
59,29,45,c,0
38,13,119,a,0
47,22,30,a,0
54,29,79,b,0
34,9,178,c,1
41,16,23,c,0
47,23,171,c,0
44,19,74,a,0
43,18,103,a,0
31,7,99,b,0
28,2,43,c,0
55,25,23,c,0
42,17,91,c,0
53,29,93,a,0
30,6,154,a,0
65,40,21,b,0
43,18,65,c,0
56,32,15,c,0
25,0,52,c,0
35,10,30,a,0
50,26,42,a,0
36,10,20,b,0
34,8,60,c,0
32,6,54,c,0
51,25,60,c,0
52,25,41,a,0
65,39,30,a,0
51,24,21,b,0
37,13,105,c,0
35,11,65,c,0
67,41,20,c,0
30,6,179,a,1
62,38,161,a,0
42,17,82,b,0
48,22,43,c,0
61,36,61,c,0
36,6,90,c,0
48,24,90,a,0
65,39,21,a,0
25,1,118,b,0
55,30,44,c,0
63,37,110,c,1
31,5,99,c,0
43,17,98,a,0
28,4,69,a,0
37,11,82,b,0
27,3,112,c,0
62,38,123,c,0
51,24,78,c,0
56,30,59,a,0
56,30,78,a,0
44,19,49,b,0
46,19,82,c,0
56,32,125,c,1
56,30,185,c,0
57,33,163,a,0
31,6,19,a,0
65,41,115,b,0
31,7,81,c,0
36,10,93,c,0
56,30,111,c,1
52,27,184,a,0
42,18,50,a,0
55,30,55,b,0
49,24,13,c,0
51,25,29,c,0
26,2,72,c,0
32,7,83,a,0
54,29,98,a,0
50,24,43,b,0
59,33,34,c,0
61,36,10,c,0
43,19,201,c,0
39,14,85,a,0
56,26,50,a,0
38,14,91,b,0
25,0,112,c,0
42,17,98,c,0
42,18,115,c,0
50,26,22,a,0
56,30,101,a,0
43,18,83,b,0
60,35,52,c,0
42,16,191,c,1
57,33,134,c,1
48,24,54,a,0
37,11,69,a,0
57,32,64,b,0
62,32,53,c,0
39,9,118,c,1
38,13,19,c,0
54,28,31,a,0
45,21,63,a,0
39,15,25,b,0
45,19,22,c,0
62,38,78,c,0
43,19,81,c,0
30,6,41,a,0
35,10,62,a,0
58,34,35,b,0
44,19,30,c,0
56,29,51,c,0
28,2,140,c,0
64,39,73,a,0
63,39,40,a,0
44,20,69,b,0
34,9,191,c,1
50,24,82,c,0
51,25,181,c,1
30,4,38,a,0
55,31,23,a,0
57,33,55,b,0
43,19,58,c,0
61,36,29,c,0
49,23,39,c,0
52,28,39,a,0
57,33,30,a,0
53,23,58,b,0
52,28,62,c,0
39,15,62,c,0
58,34,19,c,0
36,12,38,a,0
45,21,84,a,0
30,5,78,b,0
49,25,22,c,0
44,20,81,c,0
43,17,32,c,0
42,18,89,a,0
29,4,121,a,0
28,2,42,b,0
50,24,130,c,0
44,19,30,c,0
52,26,114,c,0
28,4,155,a,0
62,38,50,a,0
34,10,34,b,0
45,20,94,c,0
52,26,114,c,0
43,18,89,c,0
54,24,49,a,0
64,38,115,a,0
27,3,148,b,0
42,17,72,c,0
28,2,114,c,0
47,22,11,c,0
39,13,63,a,0
29,3,113,a,0
39,13,80,b,0
41,15,54,c,0
37,11,32,c,0
41,17,11,c,0
45,19,141,a,0
52,26,84,a,0
58,33,18,b,0
31,5,20,c,0
26,1,55,c,0
31,7,31,c,0
42,17,114,a,0
56,31,52,a,0
52,28,18,b,0
59,35,55,c,0
32,8,29,c,0
46,22,30,c,0
52,28,38,a,0
30,5,122,a,0
32,8,183,b,0
35,11,41,c,0
49,24,38,c,0
54,30,61,c,0
56,32,103,a,1
48,22,80,a,0
28,2,22,b,0
44,17,128,c,1
30,4,142,c,1
44,20,124,c,0
30,4,44,a,0
47,23,170,a,1
64,39,75,b,0
48,21,78,c,0
63,38,31,c,0
25,0,99,c,0
61,36,41,a,0
46,21,39,a,0
57,31,51,b,0
40,15,52,c,0
49,19,169,c,1
30,5,141,c,0
41,17,93,a,0
42,15,14,a,0
63,39,160,b,0
43,17,44,c,0
59,34,33,c,0
46,20,103,c,1
33,3,71,a,0
55,29,55,a,0
36,12,113,b,1
47,20,79,c,0
59,33,80,c,0
38,12,179,c,0
42,17,9,a,0
30,3,61,a,0
63,38,111,b,0
60,35,80,c,0
62,37,32,c,0
49,23,83,c,0
59,33,91,a,0
36,10,29,a,0
46,19,19,b,0
35,8,52,c,0
50,24,150,c,0
51,25,32,c,0
41,16,91,a,0
45,20,180,a,1
41,17,121,b,0
57,32,25,c,0
51,25,102,c,0
52,28,44,c,0
43,16,161,a,1
63,38,134,a,1
28,4,43,b,0
43,18,94,c,0
41,15,29,c,0
34,8,38,c,0
28,3,120,a,0
58,32,85,a,0
39,15,89,b,0
49,23,25,c,0
33,8,20,c,0
37,12,125,c,0
33,7,18,a,0
28,3,173,a,0
54,29,34,b,0
63,38,159,c,1
57,31,55,c,0
56,30,32,c,0
54,29,65,a,0
29,5,83,a,0
41,16,30,b,0
58,32,180,c,0
61,37,13,c,0
30,4,35,c,0
62,37,95,a,0
52,28,83,a,0
29,3,39,b,0
46,20,54,c,0
52,27,81,c,0
40,16,53,c,0
49,23,119,a,0
34,9,160,a,1
35,11,21,b,0
26,2,40,c,0
65,40,69,c,0
52,27,45,c,0
32,7,55,a,0
31,7,38,a,0
36,9,44,b,0
50,24,45,c,0
36,12,84,c,0
51,27,188,c,1
39,9,29,a,0
53,29,95,a,0
50,25,79,b,0
31,4,41,c,0
53,23,19,c,0
48,23,75,c,0
57,31,64,a,0
47,21,174,a,1
55,29,54,b,0
37,11,14,c,0
59,35,94,c,0
53,29,10,c,0
31,6,145,a,0
35,5,203,a,1
25,0,81,b,0
37,13,153,c,0
40,14,58,c,0
31,5,49,c,0
62,38,132,a,0
41,17,85,a,0
56,32,85,b,0
47,23,178,c,1
28,4,104,c,0
60,34,40,c,0
27,2,103,a,0
57,33,25,a,0
62,36,69,b,0
57,31,30,c,0
44,17,70,c,0
31,7,15,c,0
31,5,125,a,0
39,13,50,a,0
41,17,44,b,0
41,17,38,c,0
55,29,64,c,0
28,2,9,c,0
35,9,44,a,0
44,20,93,a,0
44,19,83,b,0
40,14,179,c,0
65,40,40,c,0
35,10,58,c,0
55,31,74,a,0
55,31,15,a,0
59,35,11,b,0
39,15,41,c,0
50,24,68,c,0
45,15,28,c,0
50,26,115,a,1
65,40,83,a,0
36,11,40,b,0
57,32,113,c,0
53,27,89,c,0
28,4,38,c,0
55,31,62,a,0
56,31,65,a,0
33,6,168,b,1
57,32,40,c,0
27,3,30,c,0
27,3,20,c,0
54,30,58,a,0
48,22,150,a,0
62,38,54,b,0
41,16,19,c,0
62,38,30,c,0
40,14,123,c,0
32,8,45,a,0
62,38,154,a,0
35,11,93,b,0
25,0,71,c,0
50,25,83,c,1
61,35,99,c,1
43,17,55,a,0
52,28,38,a,0
39,13,74,b,0
33,3,69,c,0
27,3,104,c,0
27,0,38,c,0
32,8,25,a,0
65,40,162,a,0
55,29,64,b,0
52,27,30,c,0
39,13,52,c,0
35,11,42,c,0
39,15,79,a,0
34,10,34,a,0
30,5,123,b,0
37,12,160,c,0
41,14,51,c,0
31,7,108,c,0
37,13,158,a,1
49,23,68,a,0
58,33,42,b,0
45,15,32,c,0
40,14,22,c,0
34,8,29,c,0
62,36,183,a,1
54,30,69,a,0
26,2,92,b,0
54,30,40,c,0
29,4,9,c,0
48,23,128,c,0
27,3,110,a,0
42,18,171,a,0
25,1,13,b,0
45,19,25,c,0
34,9,123,c,1
51,27,33,c,0
51,24,189,a,1
60,35,34,a,0
59,35,58,b,0
49,24,51,c,0
50,25,29,c,0
41,16,111,c,0
49,24,43,a,0
50,25,130,a,0
63,37,20,b,0
63,37,101,c,0
33,7,48,c,0
38,12,180,c,1
64,40,92,a,0
36,10,33,a,0
58,33,51,b,0
39,14,31,c,0
46,22,83,c,0
61,37,45,c,0
53,27,89,a,0
28,3,193,a,1
64,40,89,b,0
48,24,162,c,1
38,13,9,c,0
52,22,58,c,0
65,40,80,a,0
59,33,73,a,0
45,20,41,b,0
53,28,74,c,0
38,12,29,c,0
54,24,25,c,0
25,1,98,a,0
61,35,59,a,0
48,23,43,b,0
46,22,72,c,0
36,11,183,c,1
46,20,134,c,0
59,33,140,a,0
59,35,39,a,0
36,12,35,b,0
63,37,141,c,0
51,24,23,c,0
30,5,134,c,0
48,22,35,a,0
55,29,42,a,0
41,17,81,b,0
26,0,14,c,0
41,17,45,c,0
54,28,79,c,0
57,31,53,a,0
54,28,33,a,0
35,11,190,b,1
60,34,60,c,0
63,37,8,c,0
41,14,38,c,0
46,22,154,a,0
31,5,54,a,0
58,32,41,b,0
59,35,25,c,0
46,22,53,c,0
33,9,79,c,0
56,31,13,a,0
47,23,130,a,0
59,33,93,b,0
24,0,82,c,0
39,14,15,c,0
30,3,150,c,1
55,29,131,a,1
47,21,28,a,0
35,11,9,b,0
47,23,88,c,0
38,13,143,c,0
38,13,168,c,1
27,3,105,a,1
42,18,62,a,0
26,2,51,b,0
60,34,101,c,0
27,3,90,c,0
27,1,83,c,0
40,15,21,a,0
40,16,115,a,0
29,3,172,b,1
30,6,32,c,0
30,4,204,c,0
47,23,34,c,0
33,7,30,a,0
57,32,31,a,0
38,14,90,b,0
54,28,79,c,0
47,23,22,c,0
48,22,114,c,1
62,36,42,a,0
30,6,29,a,0
35,11,72,b,0
59,35,68,c,0
38,13,78,c,0
47,23,90,c,0
57,33,170,a,1
42,17,14,a,0
39,15,129,b,0
53,23,39,c,0
27,3,82,c,0
59,35,31,c,0
48,24,9,a,0
62,37,15,a,0
66,41,70,b,0
38,13,84,c,0
42,17,155,c,0
47,21,89,c,0
27,2,170,a,1
32,7,185,a,0
37,13,82,b,0
56,31,60,c,0
39,13,58,c,0
36,12,29,c,0
32,6,32,a,0
62,37,115,a,0
48,22,83,b,0
58,32,54,c,0
27,2,112,c,0
52,26,182,c,1
54,30,112,a,0
31,5,129,a,1
60,34,23,b,0
34,9,198,c,0
46,22,84,c,0
41,15,39,c,0
62,37,129,a,0
31,7,113,a,0
41,11,35,b,0
55,30,85,c,0
45,19,73,c,0
51,25,70,c,0
27,2,130,a,1
30,4,39,a,0
31,5,72,b,0
61,37,68,c,0
40,16,35,c,0
45,21,61,c,0
45,21,69,a,0
37,13,59,a,0
34,8,99,b,0
43,16,201,c,1
42,18,130,c,0
56,31,72,c,0
33,9,44,a,0
36,10,91,a,0
62,37,92,b,0
58,34,55,c,0
65,40,20,c,0
65,40,89,c,1
52,26,59,a,0
64,39,8,a,0
51,25,85,b,0
59,35,94,c,0
52,28,22,c,0
55,31,74,c,0
46,19,59,a,0
61,36,12,a,0
35,9,8,b,0
56,31,74,c,0
31,5,184,c,1
44,19,34,c,0
53,27,63,a,0
36,12,123,a,1
27,1,85,b,0
36,12,109,c,1
40,15,31,c,0
39,13,61,c,0
59,35,88,a,0
43,18,22,a,0
30,4,63,b,0
26,1,80,c,0
48,22,78,c,0
50,24,45,c,0
33,7,51,a,0
32,6,111,a,0
34,10,45,b,0
33,9,184,c,1
32,5,41,c,0
55,30,69,c,0
58,33,23,a,0
47,23,160,a,0
30,5,61,b,0
42,18,110,c,0
40,16,50,c,0
33,9,49,c,0
46,20,185,a,1
63,39,52,a,0
62,37,53,b,0
43,17,125,c,1
31,5,72,c,0
28,2,51,c,0
64,39,23,a,0
27,1,41,a,0
33,9,41,b,0
39,12,138,c,1
44,20,138,c,0
53,28,14,c,0
42,18,145,a,0
44,17,25,a,0
34,10,43,b,0
47,22,93,c,0
53,29,90,c,0
62,36,41,c,0
61,36,169,a,1
42,17,63,a,0
48,21,23,b,0
38,13,140,c,1
41,15,75,c,0
57,32,13,c,0
31,7,10,a,0
39,15,100,a,0
48,22,85,b,0
55,31,73,c,0
29,4,130,c,0
47,22,65,c,0
61,36,59,a,0
60,34,31,a,0
34,10,134,b,0
45,21,11,c,0
60,35,32,c,0
25,0,53,c,0
41,17,28,a,0
63,37,44,a,0
63,39,40,b,0
43,19,40,c,0
58,32,163,c,0
50,25,82,c,0
38,12,89,a,0
54,30,78,a,0
61,36,55,b,0
29,5,34,c,0
39,12,108,c,1
33,7,58,c,0
23,0,73,a,0
56,31,54,a,0
54,30,45,b,0
37,11,123,c,1
38,12,93,c,0
34,9,102,c,0
53,29,39,a,0
65,40,114,a,0
62,37,29,b,0
51,25,30,c,0
31,5,22,c,0
64,38,38,c,0
39,15,41,a,0
28,3,161,a,1
60,35,38,b,0
47,23,25,c,0
25,1,70,c,0
44,19,201,c,0
51,26,42,a,0
31,7,64,a,0
32,7,28,b,0
51,25,119,c,0
25,1,28,c,0
43,19,60,c,0
54,29,23,a,0
34,8,164,a,1
54,30,39,b,0
42,17,19,c,0
46,20,72,c,0
62,37,41,c,0
31,5,32,a,0
30,5,69,a,0
52,28,23,b,0
35,9,44,c,0
60,36,32,c,0
58,34,25,c,0
24,0,80,a,0
40,16,83,a,0
49,23,133,b,0
43,18,89,c,0
33,7,81,c,0
36,11,44,c,0
62,36,119,a,0
57,32,39,a,0
64,38,40,b,0
52,26,79,c,0
54,28,30,c,0
40,14,179,c,1
30,5,178,a,0
55,30,82,a,0
39,13,50,b,0
55,30,64,c,0
28,4,129,c,0
44,18,68,c,0
46,21,30,a,0
61,36,48,a,0
61,36,130,b,0
45,20,40,c,0
38,14,105,c,0
29,3,41,c,0
52,28,168,a,1
38,14,80,a,0
28,3,134,b,0
34,9,49,c,0
35,9,63,c,0
46,22,70,c,0
63,37,32,a,0
33,9,14,a,0
38,14,111,b,0
53,27,38,c,0
28,2,121,c,0
44,18,90,c,0
58,31,178,a,1
38,14,20,a,0
48,24,61,b,0
33,7,43,c,0
66,42,39,c,0
59,34,60,c,0
40,15,63,a,0
36,11,8,a,0
62,38,52,b,0
51,27,92,c,1
58,32,111,c,0
52,26,71,c,0
41,16,25,a,0
31,5,34,a,0
28,3,74,b,0
57,31,120,c,0
61,37,50,c,0
60,36,10,c,0
56,29,45,a,0
49,23,29,a,0
63,37,145,b,0
49,23,100,c,0
49,25,24,c,0
32,8,60,c,0
26,1,50,a,0
27,1,43,a,0
57,31,79,b,0
29,5,44,c,0
56,30,31,c,0
59,35,14,c,0
53,28,19,a,0
54,29,111,a,1
56,30,90,b,0
50,25,21,c,0
51,25,104,c,1
53,27,75,c,0
37,12,175,a,0
32,7,98,a,1
49,23,41,b,0
34,8,171,c,1
54,30,79,c,0
64,39,24,c,0
58,34,90,a,1
25,0,39,a,0
50,25,9,b,0
38,13,15,c,0
48,24,80,c,0
41,15,63,c,0
32,8,20,a,0
46,22,43,a,0
39,15,65,b,0
39,15,91,c,0
63,39,53,c,0
58,32,110,c,0
28,4,82,a,0
36,11,23,a,0
43,19,172,b,0
36,12,88,c,0
44,18,71,c,0
31,5,180,c,1
45,21,39,a,0
39,13,94,a,0
43,16,25,b,0
40,15,10,c,0
30,5,42,c,0
58,33,142,c,0
46,21,34,a,0
35,10,139,a,0
30,4,154,b,0
34,8,40,c,0
62,32,33,c,0
58,34,80,c,0
45,18,10,a,0
42,16,41,a,0
60,36,30,b,0
55,29,78,c,0
45,21,164,c,0
52,27,23,c,0
31,7,149,a,0
60,34,25,a,0
33,9,42,b,0
37,11,71,c,0
59,34,114,c,1
51,26,70,c,0
47,23,149,a,1
60,33,55,a,0
61,36,29,b,0
64,40,123,c,0
46,20,152,c,1
31,7,8,c,0
57,32,69,a,0
48,23,161,a,1
48,23,79,b,0
35,10,105,c,0
33,8,39,c,0
47,23,163,c,0
46,20,9,a,0
44,20,71,a,0
42,18,51,b,0
50,24,32,c,0
52,26,161,c,1
53,27,60,c,0
37,10,35,a,0
64,40,41,a,0
46,22,73,b,0
57,33,49,c,0
61,35,79,c,0
42,18,120,c,0
40,16,60,a,0
33,8,78,a,0
50,26,40,b,0
52,26,110,c,1
35,11,160,c,1
57,32,68,c,0
56,31,49,a,0
44,20,65,a,0
23,0,55,b,0
33,8,62,c,0
48,22,152,c,0
45,18,42,c,0
54,28,39,a,0
42,17,111,a,1
47,21,82,b,0
61,36,108,c,0
53,27,59,c,0
56,30,61,c,0
33,6,78,a,0
44,18,18,a,0
63,37,113,b,0
47,20,62,c,0
50,24,81,c,0
49,25,13,c,0
34,9,75,a,0
40,14,33,a,0
38,13,179,b,0
51,26,69,c,0
28,4,45,c,0
52,26,59,c,0
39,13,81,a,0
29,5,133,a,0
54,29,81,b,0
63,38,14,c,0
40,14,28,c,0
36,12,93,c,0
45,20,191,a,1
61,37,155,a,0
26,0,155,b,0
33,8,68,c,0
64,40,52,c,0
43,17,51,c,0
24,0,44,a,0
30,5,121,a,0
60,36,49,b,0
50,26,42,c,0
40,15,144,c,0
31,6,72,c,0
30,4,44,a,0
60,35,43,a,0
39,14,74,b,0
66,41,145,c,0
65,41,158,c,0
54,28,78,c,0
54,29,154,a,1
35,9,105,a,0
32,7,100,b,0
63,39,58,c,0
60,35,113,c,0
43,18,10,c,0
59,33,142,a,0
62,37,128,a,0
30,5,131,b,1
54,30,88,c,0
30,6,101,c,0
31,1,70,c,0
44,20,122,a,0
32,8,70,a,0
63,38,148,b,1
57,32,43,c,0
60,30,31,c,0
37,11,35,c,0
53,27,81,a,0
51,25,19,a,0
30,5,98,b,0
28,2,101,c,0
50,24,81,c,0
52,27,135,c,0
56,30,34,a,0
40,16,104,a,0
64,38,29,b,0
61,36,119,c,1
46,20,82,c,0
55,29,62,c,0
45,19,85,a,0
40,15,8,a,0
63,37,78,b,0
57,32,44,c,0
38,14,122,c,0
37,11,22,c,0
31,5,39,a,0
50,26,55,a,0
42,18,144,b,0
51,27,71,c,0
38,13,191,c,0
53,26,22,c,0
43,17,158,a,0
35,9,131,a,1
49,24,75,b,0
28,4,69,c,0
51,27,39,c,0
39,14,34,c,0
31,7,32,a,0
44,18,129,a,0
46,20,158,b,1
42,18,54,c,0
41,17,34,c,0
23,0,45,c,0
59,33,68,a,0
47,21,53,a,0
48,23,32,b,0
58,33,173,c,1
58,34,31,c,0
54,29,72,c,0
49,24,30,a,0
63,38,138,a,0
62,37,18,b,0
45,19,69,c,0
39,13,58,c,0
58,34,63,c,0
56,30,43,a,0
29,5,28,a,0
33,9,38,b,0
55,29,72,c,0
56,31,64,c,0
36,12,70,c,0
53,29,12,a,0
57,31,159,a,0
35,9,103,b,0
43,18,42,c,0
54,29,48,c,0
29,3,49,c,0
39,14,89,a,0
32,8,22,a,0
51,27,10,b,0
50,25,38,c,0
54,29,49,c,0
38,12,30,c,0
32,7,82,a,0
62,37,82,a,0
57,33,24,b,0
47,23,32,c,0
51,25,34,c,0
54,27,195,c,1
26,1,61,a,0
37,11,22,a,0
27,0,40,b,0
63,38,50,c,0
62,36,35,c,0
59,33,64,c,0
32,7,49,a,0
35,8,44,a,0
56,31,65,b,0
55,31,13,c,0
31,5,84,c,0
54,29,28,c,0
58,32,108,a,0
48,24,59,a,0
48,22,163,b,0
33,9,183,c,1
36,6,69,c,0
41,16,115,c,0
55,31,130,a,1
63,37,185,a,1
53,29,118,b,0
38,13,163,c,0
46,20,140,c,0
59,33,91,c,0
56,31,61,a,0
59,35,168,a,1
39,13,69,b,0
47,21,22,c,0
47,22,53,c,0
53,26,25,c,0
36,9,115,a,1
34,9,31,a,0
36,10,83,b,0
60,34,152,c,0
45,20,30,c,0
27,3,34,c,0
47,22,44,a,0
44,20,182,a,0
54,30,44,b,0
57,33,122,c,0
52,26,35,c,0
51,25,91,c,0
57,32,30,a,0
65,39,53,a,0
58,33,28,b,0
64,39,85,c,0
52,26,28,c,0
58,34,41,c,0
52,22,154,a,1
43,18,41,a,0
56,32,33,b,0
37,12,182,c,1
53,27,59,c,0
27,2,129,c,0
53,27,35,a,0
42,16,185,a,1
58,34,45,b,0
36,12,62,c,0
53,28,183,c,1
48,22,14,c,0
54,28,53,a,0
26,1,48,a,0
50,26,128,b,0
31,7,105,c,0
35,9,40,c,0
63,37,10,c,0
29,4,102,a,0
57,32,31,a,0
30,5,30,b,0
33,7,21,c,0
62,36,44,c,0
35,10,48,c,0
37,11,21,a,0
37,11,84,a,0
35,10,64,b,0
35,9,82,c,0
59,35,39,c,0
53,27,45,c,0
45,21,133,a,1
46,22,152,a,0
40,16,12,b,0
42,16,32,c,0
25,1,74,c,0
39,14,54,c,0
30,6,181,a,1
58,33,75,a,0
41,15,95,b,0
37,11,190,c,1
36,11,90,c,0
27,3,20,c,0
60,34,64,a,0
62,36,85,a,0
67,43,105,b,0
44,18,21,c,0
24,0,78,c,0
45,21,158,c,0
58,34,125,a,0
61,36,81,a,0
54,29,183,b,0
28,3,54,c,0
49,24,79,c,0
35,11,38,c,0
36,10,172,a,1
34,8,184,a,1
36,11,158,b,0
35,11,188,c,1
27,2,20,c,0
42,18,60,c,0
65,39,113,a,0
29,5,70,a,0
65,41,84,b,0
59,33,23,c,0
46,22,141,c,0
59,33,110,c,0
52,26,31,a,0
60,35,22,a,0
43,17,91,b,0
65,39,82,c,0
50,26,23,c,0
48,23,35,c,0
49,25,114,a,1
58,33,18,a,0
24,0,80,b,0
58,32,74,c,0
45,19,122,c,1
42,15,73,c,0
64,40,40,a,0
49,25,55,a,0
55,31,69,b,0
40,14,92,c,0
28,2,48,c,0
57,31,113,c,1
50,25,58,a,0
40,16,109,a,0
55,28,39,b,0
53,29,33,c,0
48,24,18,c,0
59,33,63,c,0
58,32,43,a,0
38,14,70,a,0
49,25,19,b,0
60,36,39,c,0
54,28,81,c,0
28,2,34,c,0
27,1,140,a,1
42,18,114,a,0
52,28,55,b,0
54,30,21,c,0
56,30,50,c,0
58,34,41,c,0
56,32,190,a,1
64,40,8,a,0
35,8,55,b,0
45,20,40,c,0
57,32,22,c,0
35,8,44,c,0
46,22,102,a,1
30,4,54,a,0
44,20,130,b,1
39,12,75,c,0
42,18,42,c,0
34,9,133,c,0
46,20,40,a,0
55,31,34,a,0
28,3,142,b,0
35,10,64,c,0
60,35,44,c,0
50,24,95,c,0
52,26,49,a,0
51,27,12,a,0
51,26,98,b,0
59,35,42,c,0
53,28,44,c,0
43,17,124,c,0
31,6,175,a,0
32,6,22,a,0
41,17,78,b,0
31,4,54,c,0
41,16,154,c,0
47,22,42,c,0
37,13,195,a,0
53,23,80,a,0
49,22,81,b,0
62,36,89,c,0
33,9,61,c,0
54,24,25,c,0
27,3,43,a,0
60,35,122,a,0
29,5,160,b,0
56,32,83,c,0
55,30,79,c,0
45,19,30,c,0
33,9,145,a,0
45,21,151,a,0
44,18,14,b,0
37,11,19,c,0
42,16,55,c,0
26,2,132,c,1
33,8,182,a,0
61,36,78,a,0
31,7,42,b,0
54,29,44,c,0
62,38,195,c,1
61,36,53,c,0
66,41,65,a,0
38,12,43,a,0
55,29,38,b,0
60,36,50,c,0
23,0,81,c,0
29,3,41,c,0
35,10,73,a,0
53,27,31,a,0
32,7,84,b,0
38,14,95,c,0
44,18,162,c,1
43,18,60,c,0
54,30,121,a,1
52,25,43,a,0
31,7,38,b,0
47,22,82,c,0
42,18,52,c,0
57,33,43,c,0
33,8,82,a,0
35,10,161,a,0
56,30,24,b,0
57,32,102,c,0
25,0,53,c,0
53,28,85,c,0
59,33,111,a,0
56,32,90,a,0
54,28,94,b,0
48,23,63,c,0
55,30,153,c,1
33,7,39,c,0
46,21,205,a,0
42,18,142,a,0
49,25,163,b,0
42,17,113,c,0
46,21,64,c,0
65,40,20,c,0
50,24,179,a,0
54,24,91,a,0
42,18,103,b,1
57,33,80,c,0
61,35,38,c,0
60,34,44,c,0
40,14,164,a,1
33,7,81,a,0
37,13,95,b,0
52,28,44,c,0
33,7,88,c,0
62,36,148,c,1
62,37,169,a,1
63,37,11,a,0
55,25,92,b,0
33,9,74,c,0
25,1,72,c,0
55,31,63,c,0
29,3,172,a,0
45,21,183,a,0
60,34,40,b,0
44,18,68,c,0
48,23,78,c,0
57,32,68,c,0
58,32,49,a,0
58,33,39,a,0
44,20,151,b,0
54,28,159,c,0
59,33,89,c,0
63,37,105,c,0
61,35,78,a,0
58,32,128,a,0
44,20,81,b,0
53,29,50,c,0
63,39,38,c,0
41,17,119,c,0
50,26,110,a,0
51,25,29,a,0
47,22,19,b,0
43,19,130,c,1
46,21,38,c,0
50,24,31,c,0
33,9,14,a,0
27,2,158,a,1
34,8,39,b,0
34,9,141,c,1
28,2,33,c,0
29,5,92,c,0
52,26,78,a,0
47,22,42,a,0
41,16,15,b,0
58,32,48,c,0
37,12,63,c,0
57,33,149,c,0
63,39,49,a,0
60,35,125,a,0
50,25,58,b,0
60,35,48,c,0
54,30,75,c,0
28,4,114,c,0
45,21,134,a,1
28,2,111,a,0
54,29,62,b,0
42,18,45,c,0
30,4,113,c,0
61,36,128,c,0
64,38,168,a,1
38,13,81,a,0
39,14,75,b,0
54,29,21,c,0
59,33,83,c,0
39,15,121,c,0
63,33,40,a,0
31,5,101,a,0
56,26,90,b,0
47,20,68,c,0
28,3,74,c,0
32,8,74,c,0
54,30,51,a,0
29,5,149,a,0
39,15,31,b,0
26,0,85,c,0
29,0,62,c,0
46,21,44,c,0
38,13,63,a,0
55,31,23,a,0
48,22,40,b,0
36,10,78,c,0
39,13,40,c,0
40,16,78,c,0
26,0,129,a,1
55,29,71,a,0
61,35,23,b,0
57,33,15,c,0
56,31,28,c,0
31,5,23,c,0
61,31,19,a,0
58,32,42,a,0
43,18,113,b,0
29,5,34,c,0
50,23,19,c,0
49,25,43,c,0
43,18,179,a,1
58,32,44,a,0
41,16,21,b,0
65,40,115,c,0
52,27,81,c,0
55,31,91,c,0
49,25,30,a,0
52,22,55,a,0
56,31,48,b,0
30,4,23,c,0
36,10,21,c,0
41,17,55,c,0
42,15,21,a,0
60,34,40,a,0
44,20,30,b,0
34,9,78,c,0
56,32,65,c,0
31,5,50,c,0
29,4,55,a,0
31,5,111,a,0
36,10,21,b,0
42,16,65,c,0
64,39,114,c,0
61,36,54,c,0
35,11,75,a,0
28,2,13,a,0
38,14,54,b,0
44,17,22,c,0
45,20,198,c,0
46,20,18,c,0
57,32,74,a,0
40,14,61,a,0
38,12,64,b,0
39,14,10,c,0
23,0,82,c,0
47,22,61,c,0
32,7,83,a,0
30,5,73,a,0
54,30,22,b,0
25,0,91,c,0
60,34,65,c,0
61,36,13,c,0
36,11,103,a,0
52,26,95,a,0
33,7,31,b,0
57,31,131,c,1
34,8,175,c,1
50,24,38,c,0
43,18,104,a,0
34,10,114,a,1
26,1,38,b,0
26,0,30,c,0
48,22,19,c,0
49,25,25,c,0
47,22,124,a,1
43,19,20,a,0
40,15,83,b,0
31,5,18,c,0
27,1,99,c,1
55,29,62,c,0
54,30,24,a,0
23,0,13,a,0
54,28,64,b,0
57,33,62,c,0
41,15,158,c,1
28,4,88,c,0
33,7,28,a,0
51,27,52,a,0
28,4,82,b,0
63,37,140,c,0
29,4,80,c,0
62,38,58,c,0
51,25,180,a,0
52,28,55,a,0
43,16,65,b,0
39,12,62,c,0
35,9,23,c,0
34,10,35,c,0
49,24,35,a,0
43,18,74,a,0
48,24,14,b,0
30,4,83,c,0
46,21,71,c,0
43,17,53,c,0
27,3,103,a,0
39,15,109,a,0
58,33,60,b,0
44,17,12,c,0
39,15,141,c,0
35,10,128,c,0
41,16,98,a,0
43,18,41,a,0
55,25,90,b,0
32,6,31,c,0
56,26,74,c,0
30,5,83,c,0
65,39,35,a,0
31,7,140,a,0
41,15,65,b,0
55,29,35,c,0
37,7,73,c,0
34,10,29,c,0
34,9,55,a,0
33,9,20,a,0
48,23,70,b,0
28,3,81,c,0
30,4,25,c,0
44,20,119,c,0
61,35,49,a,0
59,33,38,a,0
33,7,80,b,0
56,32,84,c,0
53,29,61,c,0
42,16,173,c,1
43,19,60,a,0
35,9,83,a,0
61,35,59,b,0
39,9,32,c,0
61,37,33,c,0
40,15,19,c,0
34,8,14,a,0
65,39,94,a,1
40,16,154,b,0
39,15,33,c,0
61,35,28,c,0
40,16,44,c,0
49,23,81,a,0
43,18,29,a,0
45,21,58,b,0
52,28,38,c,0
32,8,82,c,0
31,7,18,c,0
27,2,45,a,0
33,9,64,a,0
65,40,48,b,0
62,37,24,c,0
55,25,65,c,0
46,20,111,c,0
37,12,114,a,0
60,35,39,a,0
44,14,19,b,0
35,9,22,c,0
52,28,49,c,0
30,4,40,c,0
62,36,63,a,0
41,15,55,a,0
38,14,33,b,0
52,26,31,c,0
48,24,24,c,0
47,22,81,c,0
41,17,81,a,0
44,20,113,a,0
31,6,92,b,0
50,25,81,c,0
36,11,101,c,0
52,26,78,c,0
62,38,78,a,0
55,30,35,a,0
61,37,9,b,0
34,7,82,c,0
34,9,41,c,0
59,35,84,c,0
41,17,42,a,0
33,8,54,a,0
55,30,84,b,0
64,40,131,c,0
44,19,85,c,0
32,8,84,c,0
67,41,114,a,0
40,14,61,a,0
57,31,39,b,0
59,35,21,c,0
43,17,111,c,1
58,34,68,c,0
50,23,179,a,1
52,27,93,a,1
35,9,85,b,0
40,15,180,c,0
31,5,110,c,0
32,8,65,c,0
55,31,159,a,1
43,19,81,a,0
31,6,132,b,0
26,0,44,c,0
58,33,98,c,0
51,25,62,c,0
45,21,91,a,0
56,30,29,a,0
25,0,101,b,0
38,13,65,c,0
62,36,58,c,0
39,13,32,c,0
56,30,140,a,1
50,25,44,a,0
52,27,113,b,0
53,28,38,c,0
25,0,13,c,0
44,20,62,c,0
42,12,29,a,0
42,16,141,a,1
63,37,132,b,1
57,32,23,c,0
56,32,11,c,0
60,34,90,c,0
62,38,43,a,0
48,22,59,a,0
37,11,28,b,0
55,29,28,c,0
42,17,108,c,0
39,13,78,c,0
47,22,65,a,0
34,10,25,a,0
48,23,108,b,0
52,27,43,c,0
53,29,95,c,0
49,25,24,c,0
47,22,190,a,0
48,24,24,a,0
38,13,41,b,0
48,22,80,c,0
56,26,63,c,0
65,41,79,c,0
46,20,105,a,1
60,35,153,a,1
50,25,114,b,0
41,15,120,c,0
41,16,104,c,0
60,35,20,c,0
57,31,41,a,0
48,23,35,a,0
53,27,174,b,1
42,18,164,c,1
45,20,22,c,0
35,10,132,c,0
34,9,32,a,0
67,42,21,a,0
36,9,49,b,0
37,13,79,c,0
40,14,30,c,0
35,10,118,c,0
60,34,11,a,0
59,29,61,a,0
35,9,43,b,0
27,1,141,c,1
29,3,54,c,0
35,9,33,c,0
38,13,84,a,0
62,37,125,a,1
43,19,110,b,0
35,11,14,c,0
41,15,65,c,0
65,41,78,c,0
61,35,18,a,0
55,25,95,a,0
28,3,95,b,0
52,26,191,c,0
34,4,19,c,0
49,23,19,c,0
42,18,39,a,0
49,23,93,a,0
49,23,115,b,1
32,6,112,c,0
59,35,40,c,0
43,19,45,c,0
48,24,133,a,0
31,5,85,a,0
30,4,18,b,0
58,34,54,c,0
41,15,41,c,0
38,8,21,c,0
33,9,152,a,0
51,27,53,a,0
45,18,163,b,1
34,10,84,c,0
39,13,59,c,0
44,18,33,c,0
55,29,81,a,0
28,2,182,a,1
57,31,61,b,0
43,18,88,c,0
46,21,170,c,0
35,10,83,c,0
25,0,44,a,0
65,41,83,a,0
64,38,21,b,0
39,15,143,c,0
62,36,103,c,0
46,22,135,c,1
36,11,162,a,0
42,17,73,a,0
35,10,142,b,1
63,37,25,c,0
45,21,115,c,0
27,3,88,c,0
29,3,73,a,0
55,29,94,a,0
32,7,58,b,0
37,11,81,c,0
25,0,113,c,0
41,16,35,c,0
52,28,65,a,0
31,6,170,a,0
40,14,62,b,0
54,29,54,c,0
48,22,39,c,0
39,15,28,c,0
64,40,95,a,0
54,29,82,a,1
39,14,21,b,0
55,30,50,c,0
42,12,34,c,0
58,32,19,c,0
45,21,71,a,0
29,5,113,a,0
36,11,9,b,0
63,37,118,c,0
55,29,79,c,0
54,24,72,c,0
61,36,18,a,0
36,12,93,a,0
61,37,62,b,0
39,12,23,c,0
57,31,40,c,0
35,10,34,c,0
66,41,114,a,0
49,23,125,a,0
48,23,41,b,0
61,35,38,c,0
44,19,45,c,0
23,0,12,c,0
31,5,115,a,0
39,15,175,a,0
45,21,24,b,0
39,14,28,c,0
64,38,32,c,0
64,38,63,c,0
47,23,32,a,0
34,9,60,a,0
56,31,53,b,0
33,8,58,c,0
56,29,42,c,0
57,31,39,c,0
43,17,72,a,0
43,17,80,a,0
26,1,39,b,0
64,40,18,c,0
43,18,30,c,0
44,18,54,c,0
60,35,128,a,0
37,13,38,a,0
56,32,120,b,0
54,29,25,c,0
43,18,85,c,0
57,32,135,c,1
29,4,14,a,0
54,30,70,a,0
61,37,23,b,0
29,3,31,c,0
47,21,132,c,0
43,19,28,c,0
46,22,125,a,1
55,31,91,a,0
48,23,191,b,0
26,1,88,c,0
63,37,84,c,0
57,27,64,c,0
58,33,28,a,0
28,3,149,a,0
61,37,172,b,1
65,41,42,c,0
33,6,53,c,0
63,37,149,c,1
43,19,113,a,0
26,2,79,a,0
57,31,175,b,0
50,25,38,c,0
54,27,120,c,1
59,34,52,c,0
49,24,42,a,0
54,30,13,a,0
65,39,141,b,0
34,10,131,c,0
31,6,133,c,1
31,6,64,c,0
64,39,49,a,0
52,26,34,a,0
57,33,91,b,0
60,36,195,c,0
45,18,53,c,0
39,13,39,c,0
25,1,20,a,0
29,4,104,a,0
40,15,51,b,0
36,12,154,c,1
33,9,38,c,0
51,27,12,c,0
35,9,28,a,0
54,28,33,a,0
29,2,31,b,0
32,8,44,c,0
37,13,49,c,0
55,31,134,c,0
30,6,182,a,1
49,23,114,a,0
51,26,90,b,0
65,39,105,c,0
32,8,58,c,0
29,3,53,c,0
46,20,15,a,0
64,39,103,a,0
27,1,58,b,0
50,23,83,c,0
33,9,125,c,1
38,12,61,c,0
38,11,69,a,0
37,11,89,a,0
46,20,70,b,0
31,4,39,c,0
35,9,41,c,0
50,26,148,c,0
45,21,38,a,0
30,6,95,a,1
60,36,129,b,0
31,5,84,c,0
60,35,29,c,0
36,10,30,c,0
64,40,90,a,0
29,4,150,a,0
58,33,15,b,0
59,34,13,c,0
58,33,9,c,0
35,10,24,c,0
43,17,41,a,0
33,7,25,a,0
54,28,49,b,0
38,12,58,c,0
38,12,141,c,0
57,32,50,c,0
34,10,61,a,0
52,27,65,a,0
50,24,112,b,0
60,34,19,c,0
26,0,23,c,0
56,30,60,c,0
39,15,30,a,0
45,20,144,a,1
30,5,118,b,1
37,11,194,c,0
45,19,109,c,0
48,22,174,c,0
65,40,34,a,0
46,20,84,a,0
40,16,41,b,0
33,7,92,c,0
40,10,19,c,0
60,35,55,c,0
51,27,22,a,0
41,16,155,a,0
37,13,72,b,0
35,9,81,c,0
35,11,30,c,0
46,20,54,c,0
60,34,60,a,0
51,25,68,a,0
31,5,65,b,0
30,6,31,c,0
32,8,169,c,1
53,27,139,c,1
33,7,29,a,0
40,15,43,a,0
57,33,80,b,0
51,26,43,c,0
30,4,194,c,0
41,15,24,c,0
54,29,32,a,0
42,18,153,a,1
30,6,30,b,0
60,36,165,c,1
56,30,64,c,0
63,38,15,c,0
56,30,70,a,0
39,9,32,a,0
29,5,128,b,1
28,2,84,c,0
41,16,62,c,0
28,4,33,c,0
49,25,65,a,0
30,3,33,a,0
63,37,15,b,0
45,18,45,c,0
40,15,132,c,0
28,4,29,c,0
62,38,65,a,0
38,12,52,a,0
32,7,64,b,0
58,32,73,c,0
33,3,20,c,0
60,34,44,c,0
34,8,79,a,0
38,14,104,a,0
44,20,88,b,0
56,26,51,c,0
37,11,61,c,0
45,19,23,c,0
44,20,38,a,0
37,13,75,a,0
47,21,42,b,0
51,25,45,c,0
63,38,59,c,0
61,31,130,c,1
43,18,9,a,0
41,15,62,a,0
59,35,202,b,0
29,5,162,c,0
32,6,93,c,0
64,39,145,c,0
50,25,99,a,1
35,11,148,a,1
34,10,154,b,1
58,34,149,c,0
41,15,69,c,0
37,11,30,c,0
35,8,48,a,0
45,20,42,a,0
53,29,132,b,0
53,27,81,c,0
54,29,60,c,0
28,3,45,c,0
58,28,70,a,0
47,21,71,a,0
24,0,28,b,0
27,1,83,c,0
42,18,131,c,0
50,26,82,c,0
41,16,79,a,0
46,21,51,a,0
46,20,111,b,0
51,25,93,c,0
59,35,73,c,0
58,33,24,c,0
37,11,64,a,0
39,14,104,a,0
47,22,38,b,0
51,26,191,c,0
64,34,53,c,0
59,35,74,c,0
55,29,21,a,0
57,32,80,a,0
59,33,41,b,0
42,17,79,c,0
34,9,141,c,1
41,14,32,c,0
43,13,38,a,0
53,29,85,a,0
47,21,93,b,0
49,23,140,c,1
35,9,69,c,0
52,27,32,c,0
53,28,61,a,0
48,22,125,a,0
35,8,30,b,0
52,26,104,c,0
60,35,24,c,0
33,7,22,c,0
38,12,59,a,0
29,4,120,a,1
35,9,164,b,0
26,2,60,c,0
48,24,43,c,0
43,19,70,c,0
60,35,51,a,0
27,3,59,a,0
38,13,129,b,1
40,15,22,c,0
38,14,29,c,0
50,25,18,c,0
38,13,65,a,0
34,9,65,a,0
42,16,38,b,0
60,34,110,c,0
62,37,22,c,0
59,33,43,c,0
49,25,30,a,0
49,23,134,a,0
36,11,32,b,0
33,9,139,c,0
43,17,45,c,0
53,27,62,c,0
57,31,51,a,0
53,27,93,a,0
60,35,122,b,0
34,10,45,c,0
51,26,179,c,0
36,12,64,c,0
63,39,41,a,0
37,13,58,a,0
57,33,64,b,0
52,27,28,c,0
38,8,21,c,0
61,35,60,c,0
31,5,78,a,0
39,13,59,a,0
38,12,59,b,0
46,22,83,c,0
48,22,128,c,0
58,33,95,c,0
50,25,160,a,1
67,41,78,a,0
36,11,184,b,1
30,4,30,c,0
58,33,51,c,0
43,18,35,c,0
31,1,74,a,0
37,11,43,a,0
49,22,23,b,0
27,1,20,c,0
50,25,112,c,0
46,20,74,c,0
49,23,65,a,0
29,5,124,a,0
55,29,65,b,0
61,37,73,c,0
45,19,8,c,0
33,8,53,c,0
63,39,131,a,1
32,6,13,a,0
42,17,60,b,0
51,27,45,c,0
44,20,39,c,0
33,6,78,c,0
39,13,43,a,0
56,30,31,a,0
28,3,118,b,1
43,17,82,c,0
30,6,112,c,0
34,8,10,c,0
26,1,18,a,0
58,32,72,a,0
43,19,72,b,0
40,14,78,c,0
54,30,78,c,0
44,19,30,c,0
54,28,45,a,0
39,14,80,a,0
59,35,174,b,0
53,29,51,c,0
32,8,181,c,0
40,14,78,c,0
54,29,79,a,0
27,3,119,a,0
63,39,49,b,0
26,0,83,c,1
33,7,100,c,0
43,19,70,c,0
57,32,52,a,0
26,2,12,a,0
55,30,82,b,0
30,4,34,c,0
63,37,112,c,0
55,25,42,c,0
35,11,83,a,0
45,21,142,a,1
47,23,199,b,0
31,4,29,c,0
56,26,70,c,0
49,24,25,c,0
53,27,84,a,0
62,36,81,a,0
63,37,15,b,0
26,0,54,c,0
59,35,108,c,1
40,16,83,c,0
42,16,62,a,0
29,4,134,a,0
40,16,75,b,0
31,7,109,c,0
35,10,152,c,0
62,36,83,c,0
51,26,52,a,0
32,6,31,a,0
27,3,135,b,1
62,37,98,c,0
66,41,14,c,0
53,27,64,c,0
49,25,109,a,0
65,40,118,a,0
30,5,80,b,0
60,34,51,c,0
30,6,115,c,1
54,28,83,c,0
54,28,90,a,0
37,12,28,a,0
32,7,82,b,0
51,27,24,c,0
46,22,71,c,0
41,17,80,c,0
62,36,109,a,0
54,28,140,a,0
52,27,39,b,0
51,25,39,c,0
24,0,50,c,0
61,35,31,c,0
55,25,35,a,0
37,11,44,a,0
64,38,35,b,0
34,8,20,c,0
31,7,10,c,0
42,18,83,c,0
47,22,203,a,0
29,5,84,a,0
34,8,41,b,0
36,11,164,c,0
34,10,152,c,0
26,2,62,c,0
48,24,12,a,0
47,23,28,a,0
39,13,52,b,0
62,37,19,c,0
34,9,35,c,0
43,19,28,c,0
55,30,70,a,0
65,40,140,a,0
26,0,102,b,0
57,27,50,c,0
32,7,61,c,0
35,9,188,c,1
63,33,178,a,1
49,25,44,a,0
23,0,12,b,0
30,6,69,c,0
43,19,132,c,0
39,14,128,c,0
31,6,44,a,0
65,39,44,a,0
34,8,34,b,0
37,12,132,c,0
62,38,158,c,0
33,9,83,c,0
48,22,28,a,0
33,9,131,a,1
45,19,31,b,0
44,19,40,c,0
37,11,71,c,0
31,5,42,c,0
56,31,35,a,0
30,4,81,a,0
61,35,91,b,0
32,7,129,c,1
51,27,75,c,0
26,1,54,c,0
31,5,43,a,0
43,18,94,a,0
57,32,84,b,0
42,18,34,c,0
48,23,15,c,0
46,21,99,c,0
33,7,15,a,0
45,21,83,a,0
31,6,83,b,0
42,18,143,c,0
56,30,81,c,0
63,39,39,c,0
42,18,158,a,1
50,24,62,a,0
31,6,64,b,0
65,40,29,c,0
60,34,64,c,0
34,10,21,c,0
62,32,142,a,1
56,30,64,a,0
51,25,40,b,0
44,19,61,c,0
41,16,44,c,0
43,16,78,c,0
25,0,25,a,0
40,16,125,a,0
53,29,63,b,0
54,30,54,c,0
36,12,92,c,0
26,2,119,c,0
35,11,40,a,0
29,4,41,a,0
35,11,81,b,0
28,4,101,c,0
48,24,25,c,0
46,20,55,c,0
31,7,43,a,0
40,16,98,a,0
27,1,112,b,0
32,2,69,c,0
67,43,79,c,0
24,0,118,c,0
45,18,81,a,0
26,0,19,a,0
42,17,139,b,1
65,40,63,c,0
59,33,102,c,0
30,5,40,c,0
32,6,44,a,0
36,12,59,a,0
48,24,224,b,0
56,31,64,c,0
44,20,129,c,0
60,34,43,c,0
51,27,12,a,0
34,10,53,a,0
45,21,39,b,0
47,23,65,c,0
29,5,18,c,0
52,28,55,c,0
61,35,60,a,0
40,14,42,a,0
24,0,44,b,0
33,7,111,c,0
33,8,62,c,0
52,26,44,c,0
40,14,69,a,0
45,20,62,a,0
27,3,35,b,0
38,13,91,c,0
50,26,12,c,0
41,15,89,c,0
60,34,65,a,0
64,34,179,a,1
34,8,82,b,0
30,6,48,c,0
31,4,20,c,0
41,15,91,c,0
61,37,122,a,0
42,18,22,a,0
48,23,43,b,0
59,34,38,c,0
57,33,61,c,0
37,13,33,c,0
53,27,145,a,0
53,27,170,a,0
26,2,55,b,0
39,14,40,c,0
35,11,68,c,0
59,33,53,c,0
43,18,63,a,0
39,15,123,a,0
49,24,13,b,0
47,23,12,c,0
41,17,53,c,0
57,33,79,c,0
42,17,89,a,0
61,36,188,a,1
56,26,62,b,0
29,3,123,c,1
25,0,40,c,0
32,8,119,c,1
37,12,123,a,1
31,5,23,a,0
38,14,62,b,0
40,14,69,c,0
61,36,124,c,0
50,26,52,c,0
32,7,134,a,0
62,36,58,a,0
62,37,45,b,0
40,15,75,c,0
59,34,23,c,0
43,19,123,c,1
62,37,48,a,0
48,22,145,a,0
29,5,31,b,0
58,32,38,c,0
43,18,78,c,0
39,15,94,c,0
33,7,84,a,0
40,15,22,a,0
28,3,78,b,0
38,11,75,c,0
65,40,71,c,0
35,11,24,c,0
29,5,112,a,0
61,35,53,a,0
46,21,41,b,0
50,23,25,c,0
60,33,42,c,0
54,27,51,c,0
43,18,19,a,0
38,14,90,a,0
46,22,89,b,0
64,39,22,c,0
24,0,119,c,0
39,13,93,c,1
34,8,18,a,0
65,40,32,a,0
38,14,182,b,1
62,36,19,c,0
59,35,85,c,1
49,25,90,c,0
57,32,59,a,0
64,38,84,a,0
47,22,95,b,1
30,6,13,c,0
42,18,88,c,0
53,28,34,c,0
50,24,11,a,0
62,38,80,a,0
34,10,41,b,0
47,21,90,c,0
62,37,93,c,1
61,35,81,c,0
59,34,60,a,0
47,21,39,a,0
65,39,22,b,0
56,32,32,c,0
56,32,28,c,0
31,7,35,c,0
61,31,154,a,1
42,18,189,a,0
44,19,40,b,0
47,21,88,c,0
30,6,124,c,0
62,38,23,c,0
56,32,23,a,0
25,0,139,a,0
53,28,173,b,1
26,0,42,c,0
59,35,161,c,0
62,36,28,c,0
58,32,191,a,1
40,14,42,a,0
35,5,81,b,0
51,25,175,c,1
41,15,82,c,0
51,27,53,c,0
27,1,142,a,1
46,21,42,a,0
46,20,64,b,0
31,5,90,c,0
58,32,44,c,0
42,18,29,c,0
59,35,93,a,0
54,24,69,a,0
35,11,82,b,0
34,9,180,c,1
46,21,13,c,0
52,28,72,c,0
55,30,54,a,0
34,9,104,a,0
57,32,44,b,0
45,19,40,c,0
29,3,190,c,0
49,23,64,c,0
36,11,9,a,0
57,31,38,a,0
25,0,72,b,0
43,17,82,c,0
27,2,48,c,0
54,28,82,c,0
53,26,14,a,0
55,29,162,a,0
43,19,54,b,0
35,11,90,c,0
59,34,64,c,0
42,18,65,c,0
51,25,113,a,0
57,32,38,a,0
39,15,65,b,0
53,27,39,c,0
31,6,174,c,0
33,3,59,c,0
38,14,43,a,0
47,21,24,a,0
63,39,50,b,0
44,19,68,c,0
61,37,61,c,0
52,28,21,c,0
59,34,21,a,0
56,32,31,a,0
58,33,70,b,0
30,6,25,c,0
42,17,78,c,0
51,27,19,c,0
60,35,23,a,0
30,4,40,a,0
49,23,22,b,0
26,0,71,c,0
36,12,58,c,0
65,40,75,c,0
27,0,40,a,0
60,35,155,a,1
32,6,83,b,0
46,20,99,c,0
60,36,59,c,0
28,2,53,c,0
50,26,11,a,0
52,28,179,a,1
29,0,71,b,0
30,4,85,c,0
42,18,49,c,0
32,6,122,c,0
40,15,171,a,0
49,24,138,a,1
53,23,8,b,0
42,17,59,c,0
38,14,49,c,0
60,34,92,c,0
27,3,75,a,0
61,35,60,a,0
27,2,41,b,0
45,21,40,c,0
41,16,81,c,0
44,20,52,c,0
38,14,25,a,0
39,15,139,a,0
48,22,54,b,0
47,22,81,c,0
64,39,73,c,0
27,0,30,c,0
66,41,59,a,0
43,17,21,a,0
34,9,65,b,0
28,2,41,c,0
52,28,52,c,0
45,20,84,c,0
24,0,135,a,0
39,14,18,a,0
40,16,34,b,0
30,5,85,c,0
49,23,23,c,0
53,27,65,c,0
56,30,195,a,0
50,24,40,a,0
53,29,141,b,1
60,34,95,c,0
58,33,23,c,0
43,19,82,c,0
46,21,53,a,0
29,3,10,a,0
56,30,75,b,0
48,23,23,c,0
61,36,133,c,0
41,17,129,c,0
35,11,85,a,0
48,23,168,a,0
43,19,83,b,0
37,12,52,c,0
47,22,114,c,0
29,3,81,c,0
63,38,32,a,0
43,19,63,a,0
57,32,70,b,0
55,31,20,c,0
47,23,138,c,0
58,34,63,c,0
53,28,85,a,0
59,35,180,a,1
46,22,80,b,0
41,15,53,c,0
46,20,72,c,0
44,18,123,c,1
44,18,91,a,0
50,26,148,a,0
51,25,163,b,1
55,30,28,c,0
37,12,193,c,0
34,10,22,c,0
59,34,74,a,0
45,20,70,a,0
30,4,11,b,0
32,8,61,c,0
61,37,41,c,0
54,28,108,c,1
35,10,23,a,0
63,38,135,a,1
66,40,30,b,0
48,24,144,c,1
60,34,139,c,1
41,17,143,c,1
31,7,44,a,0
58,31,49,a,0
67,42,75,b,0
35,9,43,c,0
40,14,59,c,0
42,17,154,c,1
44,18,75,a,0
47,23,75,a,0
59,35,88,b,0
29,3,91,c,1
36,6,11,c,0
47,22,22,c,0
55,29,49,a,0
41,17,140,a,0
51,25,99,b,0
26,2,82,c,0
33,9,10,c,0
30,5,109,c,0
30,4,45,a,0
45,19,93,a,0
40,16,89,b,1
42,15,39,c,0
50,26,21,c,0
62,37,31,c,0
63,37,31,a,0
43,19,52,a,0
49,25,13,b,0
51,25,21,c,0
61,36,50,c,0
43,19,81,c,0
43,19,74,a,0
61,36,89,a,0
35,9,82,b,0
59,33,88,c,0
40,16,61,c,0
61,36,139,c,0
48,23,29,a,0
37,11,51,a,0
56,32,58,b,0
35,9,21,c,0
35,8,43,c,0
40,16,104,c,0
50,23,9,a,0
49,25,39,a,0
46,22,89,b,0
64,40,21,c,0
60,35,173,c,1
45,21,29,c,0
52,27,43,a,0
58,34,30,a,0
54,30,39,b,0
48,22,83,c,0
51,25,58,c,0
53,26,8,c,0
57,27,39,a,0
43,18,204,a,0
37,13,45,b,0
32,7,111,c,0
34,10,83,c,0
54,24,83,c,0
62,36,115,a,0
56,32,60,a,0
39,15,53,b,0
32,7,134,c,0
50,24,91,c,0
27,1,91,c,0
37,12,128,a,0
60,34,78,a,0
43,19,161,b,0
62,36,60,c,0
39,14,161,c,0
34,9,40,c,0
46,21,68,a,0
46,22,74,a,0
51,26,55,b,0
44,20,145,c,0
60,35,24,c,0
65,39,10,c,0
58,33,138,a,0
37,12,63,a,0
52,28,54,b,0
42,16,62,c,0
54,29,81,c,0
54,28,61,c,0
51,27,68,a,0
59,35,78,a,0
41,17,165,b,0
43,17,48,c,0
52,26,155,c,1
52,26,158,c,1
57,31,52,a,0
53,28,18,a,0
58,33,42,b,0
59,33,18,c,0
57,31,40,c,0
27,2,44,c,0
42,16,11,a,0
52,26,194,a,1
49,23,108,b,0
47,23,12,c,0
45,19,19,c,0
25,1,150,c,0
47,22,89,a,0
44,19,83,a,0
30,3,79,b,0
63,38,102,c,0
50,24,155,c,0
40,16,138,c,0
56,31,51,a,0
39,15,80,a,0
42,18,135,b,0
28,1,34,c,0
26,0,195,c,1
58,32,62,c,0
38,13,173,a,0
23,0,149,a,0
53,29,20,b,0
54,28,42,c,0
42,17,28,c,0
54,28,95,c,0
66,42,95,a,0
46,21,34,a,0
63,37,191,b,1
63,38,41,c,0
58,34,150,c,0
65,41,91,c,0
35,9,84,a,0
33,9,73,a,0
43,19,122,b,0
30,5,73,c,0
61,37,20,c,0
49,24,130,c,1
52,27,85,a,1
45,21,134,a,0
64,39,98,b,0
26,1,54,c,0
35,11,41,c,0
45,19,128,c,1
44,20,132,a,1
34,8,188,a,1
65,41,170,b,1
32,8,14,c,0
41,15,93,c,0
52,28,79,c,0
35,9,79,a,0
51,26,62,a,0
30,6,95,b,0
58,33,60,c,0
49,23,75,c,0
63,38,85,c,0
40,15,143,a,0
27,0,34,a,0
38,14,44,b,0
52,28,31,c,0
49,24,13,c,0
59,35,52,c,0
32,8,42,a,0
30,4,102,a,0
64,38,143,b,1
59,33,10,c,0
62,37,44,c,0
61,37,158,c,0
53,26,12,a,0
51,26,59,a,0
55,29,92,b,0
36,10,82,c,0
44,19,44,c,0
26,2,182,c,1
54,30,121,a,0
35,11,38,a,0
34,10,92,b,0
28,3,53,c,0
32,7,45,c,0
38,14,63,c,0
53,28,181,a,0
26,1,184,a,1
45,21,33,b,0
58,33,22,c,0
59,33,99,c,0
45,18,44,c,0
64,39,101,a,0
30,3,32,a,0
40,16,59,b,0
61,36,25,c,0
40,16,140,c,1
40,10,29,c,0
43,19,35,a,0
39,14,141,a,1
35,11,75,b,0
38,12,58,c,0
67,43,41,c,0
55,30,42,c,0
28,2,55,a,0
30,4,18,a,0
59,35,75,b,0
26,2,85,c,0
52,28,43,c,0
40,15,149,c,0
31,7,25,a,0
50,25,19,a,0
27,3,18,b,0
64,39,13,c,0
34,10,41,c,0
30,6,139,c,0
39,15,62,a,0
34,10,51,a,0
40,15,71,b,0
33,8,145,c,1
38,12,45,c,0
42,17,53,c,0
37,13,64,a,0
33,8,39,a,0
60,34,38,b,0
28,4,85,c,0
45,20,61,c,0
56,32,23,c,0
53,27,122,a,0
37,12,72,a,0
47,21,123,b,0
58,32,40,c,0
52,26,62,c,0
46,22,113,c,0
52,27,81,a,0
24,0,59,a,0
57,31,25,b,0
66,41,25,c,0
30,5,14,c,0
48,23,19,c,0
63,37,61,a,0
48,23,21,a,0
34,10,44,b,0
60,35,42,c,0
55,25,52,c,0
50,24,112,c,0
29,5,34,a,0
61,35,83,a,0
50,25,24,b,0
37,13,71,c,0
64,40,181,c,1
43,19,75,c,0
39,14,153,a,0
23,0,75,a,0
34,10,19,b,0
29,2,31,c,0
33,8,178,c,1
60,35,65,c,0
49,25,8,a,0
54,28,92,a,0
59,34,145,b,1
42,17,85,c,0
62,38,149,c,0
63,38,9,c,0
57,31,164,a,1
61,36,40,a,0
35,10,54,b,0
26,0,164,c,1
33,8,140,c,0
31,7,18,c,0
51,27,12,a,0
55,29,140,a,0
38,12,24,b,0
38,12,60,c,0
53,27,50,c,0
62,38,44,c,0
35,9,51,a,0
46,21,34,a,0
60,35,33,b,0
63,38,63,c,0
43,18,22,c,0
33,7,104,c,1
43,19,75,a,0
62,36,75,a,0
48,23,62,b,0
38,14,48,c,0
36,10,73,c,0
49,25,135,c,0
61,35,61,a,0
49,22,78,a,0
59,34,40,b,0
30,6,44,c,0
44,20,45,c,0
67,41,18,c,0
59,35,53,a,0
37,11,11,a,0
50,24,38,b,0
56,31,28,c,0
29,3,35,c,0
55,29,81,c,0
48,22,90,a,0
32,8,115,a,0
47,22,78,b,0
46,21,30,c,0
33,7,39,c,0
39,13,69,c,0
60,35,29,a,0
39,15,54,a,0
34,10,60,b,0
55,30,99,c,0
67,42,51,c,0
40,14,53,c,0
44,20,111,a,1
56,30,79,a,0
50,25,90,b,0
31,5,18,c,0
66,41,73,c,0
43,18,59,c,0
58,32,40,a,0
33,9,41,a,0
33,9,53,b,0
32,8,128,c,0
55,30,145,c,1
25,0,35,c,0
40,14,28,a,0
54,28,155,a,0
36,11,195,b,0
35,9,50,c,0
44,19,48,c,0
38,14,81,c,0
30,4,50,a,0
39,13,21,a,0
35,9,142,b,0
41,16,64,c,0
56,26,91,c,0
52,28,74,c,0
29,4,182,a,1
38,14,82,a,0
51,25,45,b,0
45,21,85,c,0
51,26,133,c,0
53,26,22,c,0
50,26,24,a,0
59,33,38,a,0
57,32,80,b,0
45,21,33,c,0
27,1,41,c,0
40,15,90,c,0
39,13,89,a,0
26,1,8,a,0
27,2,85,b,0
55,30,53,c,0
64,39,20,c,0
41,17,9,c,0
46,22,25,a,0
43,19,114,a,0
24,0,41,b,0
29,3,49,c,0
58,32,12,c,0
45,18,50,c,0
53,28,30,a,0
45,21,32,a,0
32,7,41,b,0
56,31,25,c,0
31,5,29,c,0
29,4,50,c,0
48,24,79,a,0
36,11,110,a,0
36,9,40,b,0
41,16,18,c,0
48,23,48,c,0
27,0,40,c,0
33,9,19,a,0
31,7,35,a,0
48,22,133,b,1
59,34,19,c,0
41,17,83,c,0
42,18,39,c,0
62,37,38,a,0
62,36,63,a,0
51,24,85,b,0
48,24,14,c,0
56,32,64,c,0
62,38,124,c,0
53,29,20,a,0
62,38,33,a,0
28,4,80,b,0
61,35,35,c,0
48,24,74,c,0
50,25,32,c,0
58,33,73,a,0
53,29,41,a,0
65,40,18,b,0
27,0,28,c,0
50,23,64,c,0
50,25,44,c,0
41,16,109,a,0
43,19,71,a,0
55,29,79,b,0
33,9,30,c,0
44,19,82,c,0
47,20,101,c,0
43,18,13,a,0
59,33,59,a,0
65,40,64,b,0
28,2,188,c,0
58,32,28,c,0
33,8,120,c,1
24,0,131,a,0
46,20,19,a,0
26,0,44,b,0
47,21,49,c,0
32,6,99,c,0
58,28,95,c,0
32,7,81,a,0
46,20,73,a,0
35,11,193,b,0
53,27,115,c,1
55,30,41,c,0
63,37,80,c,0
45,20,90,a,0
58,32,41,a,0
50,24,102,b,0
37,13,59,c,0
25,0,69,c,0
52,26,83,c,1
26,0,49,a,0
35,11,180,a,1
58,32,61,b,0
37,11,59,c,0
35,10,85,c,0
31,7,13,c,0
58,34,151,a,1
43,16,44,a,0
43,18,53,b,0
54,30,133,c,1
53,27,31,c,0
32,7,101,c,0
37,13,61,a,0
34,10,68,a,0
51,26,21,b,0
49,25,149,c,0
54,24,75,c,0
37,12,55,c,0
57,32,81,a,0
37,12,179,a,0
32,7,81,b,1
48,22,42,c,0
44,20,199,c,0
50,23,18,c,0
44,19,28,a,0
54,28,80,a,0
37,13,79,b,0
34,7,52,c,0
32,6,18,c,0
63,38,52,c,0
56,30,15,a,0
37,12,84,a,0
66,41,114,b,0
38,13,41,c,0
35,9,29,c,0
61,36,23,c,0
52,26,84,a,0
57,32,60,a,0
47,20,13,b,0
50,25,45,c,0
36,11,83,c,0
45,21,102,c,1
58,34,58,a,0
27,1,134,a,1
27,1,130,b,1
48,24,148,c,0
46,21,92,c,0
32,8,142,c,1
54,29,62,a,0
31,5,50,a,0
42,17,29,b,0
30,5,85,c,0
41,16,78,c,0
44,19,85,c,0
37,13,89,a,0
51,25,33,a,0
30,6,42,b,0
36,11,31,c,0
65,40,143,c,1
33,7,35,c,0
58,34,22,a,0
34,10,45,a,0
38,13,119,b,0
59,35,43,c,0
37,11,75,c,0
59,35,121,c,0
47,23,63,a,0
48,24,58,a,0
38,12,184,b,1
34,10,155,c,0
44,17,69,c,0
33,7,188,c,1
47,21,38,a,0
41,16,9,a,0
36,11,69,b,0
28,4,199,c,0
59,35,38,c,0
43,19,129,c,0
56,31,59,a,0
28,3,115,a,0
62,37,83,b,0
40,16,65,c,0
34,9,72,c,0
52,28,72,c,0
40,14,63,a,0
27,1,64,a,0
52,26,194,b,0
39,14,104,c,0
52,26,180,c,0
50,23,18,c,0
40,14,93,a,0
35,11,32,a,0
39,13,68,b,0
25,0,38,c,0
33,7,115,c,0
26,0,161,c,0
46,21,154,a,0
27,3,68,a,0
55,25,44,b,0
52,28,149,c,0
59,34,103,c,0
63,39,41,c,0
61,35,113,a,0
58,34,48,a,0
29,3,69,b,0
51,27,43,c,0
59,34,19,c,0
41,17,65,c,0
59,35,32,a,0
52,28,20,a,0
39,13,25,b,0
45,19,70,c,0
59,35,70,c,0
49,22,103,c,0
48,22,162,a,1
61,36,61,a,0
31,7,170,b,0
42,16,49,c,0
35,5,108,c,1
57,27,62,c,0
54,28,102,a,0
61,37,141,a,1
60,36,8,b,0
59,35,91,c,0
62,37,10,c,0
26,1,35,c,0
41,17,71,a,0
65,40,59,a,0
25,0,14,b,0
25,1,122,c,0
27,3,81,c,0
65,39,35,c,0
60,34,83,a,0
29,5,121,a,0
32,6,35,b,0
32,8,140,c,1
41,15,88,c,0
52,26,70,c,0
40,16,63,a,0
39,15,125,a,0
34,8,21,b,0
34,8,75,c,0
34,10,38,c,0
41,17,58,c,0
59,35,31,a,0
40,14,18,a,0
52,27,29,b,0
37,11,29,c,0
39,13,69,c,0
49,23,121,c,0
63,39,64,a,0
34,9,84,a,0
51,25,65,b,0
61,36,85,c,0
56,32,44,c,0
62,38,174,c,0
56,30,178,a,0
58,32,55,a,0
58,33,25,b,0
50,26,21,c,0
44,20,72,c,0
49,23,129,c,0
31,7,18,a,0
49,25,91,a,0
43,18,38,b,0
31,5,21,c,0
66,41,38,c,0
41,17,154,c,0
39,14,178,a,0
46,21,85,a,0
57,33,93,b,0
59,35,151,c,0
30,4,78,c,0
26,2,135,c,0
46,21,40,a,0
66,41,80,a,0
50,25,18,b,0
61,35,74,c,0
37,7,94,c,0
51,25,173,c,1
56,32,88,a,0
58,34,82,a,0
41,15,54,b,0
35,9,45,c,0
38,14,39,c,0
26,2,20,c,0
35,5,93,a,0
36,11,85,a,0
26,2,95,b,0
53,28,48,c,0
56,32,22,c,0
44,14,33,c,0
47,23,40,a,0
32,8,30,a,0
52,27,22,b,0
39,14,20,c,0
47,20,49,c,0
35,9,25,c,0
26,0,150,a,0
43,19,32,a,0
52,28,9,b,0
30,5,23,c,0
36,12,18,c,0
48,22,42,c,0
36,10,39,a,0
58,34,84,a,0
35,11,101,b,1
59,35,43,c,0
36,10,28,c,0
45,21,59,c,0
56,30,29,a,0
46,21,39,a,0
26,0,42,b,0
37,11,24,c,0
44,20,62,c,0
44,20,33,c,0
33,7,73,a,0
34,10,88,a,0
35,11,58,b,0
48,24,48,c,0
58,32,40,c,0
30,6,160,c,0
62,37,39,a,0
40,14,53,a,0
42,16,32,b,0
43,19,32,c,0
58,34,11,c,0
36,12,123,c,1
29,4,184,a,1
49,23,60,a,0
60,34,41,b,0
58,32,99,c,0
50,24,83,c,0
46,22,134,c,0
45,19,85,a,0
32,6,41,a,0
42,17,44,b,0
30,6,62,c,0
60,36,149,c,0
46,21,115,c,1
32,6,25,a,0
56,32,84,a,0
56,31,81,b,0
30,6,181,c,0
52,28,62,c,0
31,7,11,c,0
37,12,60,a,0
30,6,42,a,0
29,4,83,b,0
49,24,109,c,0
49,23,70,c,0
65,39,25,c,0
54,24,72,a,0
36,10,183,a,0
56,30,44,b,0
34,8,52,c,0
33,9,18,c,0
59,35,40,c,0
49,23,174,a,1
61,34,41,a,0
31,6,81,b,0
45,21,128,c,0
35,10,135,c,1
37,11,65,c,0
58,32,145,a,0
49,25,65,a,0
63,39,119,b,0
55,31,124,c,0
38,12,33,c,0
45,19,41,c,0
44,20,105,a,0
58,32,130,a,0
56,31,80,b,0
37,13,115,c,0
50,24,62,c,0
34,8,165,c,1
51,25,34,a,0
49,24,18,a,0
33,7,44,b,0
61,35,25,c,0
41,16,52,c,0
50,24,133,c,1
41,17,71,a,0
38,12,61,a,0
51,27,62,b,0
63,39,33,c,0
55,30,28,c,0
46,22,53,c,0
27,3,69,a,0
59,35,165,a,0
26,0,75,b,0
61,36,54,c,0
44,19,142,c,1
53,29,53,c,0
34,9,41,a,0
40,15,43,a,0
56,32,79,b,0
57,32,24,c,0
43,19,73,c,0
38,13,129,c,1
60,34,50,a,0
54,30,28,a,0
51,26,64,b,0
41,15,49,c,0
25,1,121,c,0
58,28,58,c,0
61,35,51,a,0
56,31,61,a,0
43,19,35,b,0
42,12,39,c,0
48,22,74,c,0
45,20,201,c,0
40,15,81,a,0
43,18,44,a,0
52,26,19,b,0
54,29,85,c,0
26,1,74,c,0
26,0,54,c,0
33,8,58,a,0
40,15,18,a,0
64,40,88,b,0
62,37,19,c,0
54,28,49,c,0
34,9,101,c,0
40,16,138,a,0
41,16,25,a,0
48,22,120,b,0
46,22,153,c,0
51,26,28,c,0
30,4,110,c,0
65,39,94,a,0
49,24,48,a,0
29,5,123,b,0
36,10,33,c,0
50,25,42,c,0
41,16,68,c,0
42,16,28,a,0
37,11,42,a,0
31,5,28,b,0
40,15,73,c,0
36,12,89,c,0
64,39,82,c,0
37,13,83,a,0
43,19,121,a,1
57,33,28,b,0
62,36,39,c,0
63,38,110,c,0
57,27,55,c,0
59,35,111,a,0
47,23,94,a,0
26,0,85,b,0
59,33,81,c,0
45,20,94,c,0
33,8,162,c,0
61,35,80,a,0
54,29,70,a,0
46,22,19,b,0
28,4,112,c,1
52,26,109,c,0
26,0,12,c,0
49,24,33,a,0
42,18,49,a,0
51,26,42,b,0
39,13,41,c,0
44,20,43,c,0
29,5,64,c,0
47,23,19,a,0
53,27,65,a,0
29,3,53,b,0
47,21,32,c,0
45,19,22,c,0
63,37,39,c,0
39,13,59,a,0
29,0,50,a,0
50,26,19,b,0
51,27,55,c,0
58,28,81,c,0
39,14,108,c,0
46,20,122,a,1
32,6,98,a,0
53,27,110,b,0
29,5,33,c,0
41,17,34,c,0
41,16,69,c,0
58,32,41,a,0
45,19,60,a,0
37,13,95,b,0
58,28,73,c,0
58,32,41,c,0
31,1,68,c,0
59,33,64,a,0
38,11,29,a,0
29,5,31,b,0
40,15,54,c,0
57,27,63,c,0
50,26,92,c,0
29,5,135,a,1
34,9,195,a,0
36,10,45,b,0
51,26,72,c,0
27,1,98,c,0
48,23,30,c,0
32,6,78,a,0
48,23,43,a,0
34,8,85,b,0
24,0,38,c,0
55,25,58,c,0
51,25,92,c,0
30,5,13,a,0
45,21,218,a,0
64,40,75,b,0
29,3,40,c,0
30,4,15,c,0
63,39,24,c,0
65,40,49,a,0
28,4,83,a,0
